error_type	priority	herbarium	id	institutionCode	recordedBy	state	county	distance_km	status	implied_location	coordinates	catalogNumber	locality	record_link
STATE	100	ASU	100713	ASU	D.E. Anderegg	Idaho	Boundary	53.89	outside_boundary_exact	Montana, Sanders County	48.0138889,-116.0027778	NA	sect. 11, T63N, R2E, on the north shore of the Moyie river	https://lichenportal.org/portal/collections/individual/index.php?occid=100713
STATE	100	ASU	2687969	ASU	T.L. Esslinger	Idaho	Kootenai	167.99	outside_boundary_exact	Oregon, Wallowa County	45.85,-116.8666667	NA	near the S end of Lower Twin Lake	https://lichenportal.org/portal/collections/individual/index.php?occid=2687969
STATE	100	ASU	70656	ASU	R.J. Naskali	Idaho	Lemhi	0.74	outside_boundary_exact	Montana, Ravalli County	45.7,-113.95	ASUL017902	Lost Trail Pass area SW of US 93 in Salmon National Forest	https://lichenportal.org/portal/collections/individual/index.php?occid=70656
STATE	100	ASU	71805	ASU	T.L. Esslinger	Idaho	Kootenai	167.99	outside_boundary_exact	Oregon, Wallowa County	45.85,-116.8666667	NA	near the S end of Lower Twin Lake	https://lichenportal.org/portal/collections/individual/index.php?occid=71805
STATE	100	ASU	74412	ASU	R.J. Naskali	Idaho	Lemhi	0.74	outside_boundary_exact	Montana, Ravalli County	45.7,-113.95	ASUL035965	Lost Trail Pass area SW of US 93 in Salmon National Forest	https://lichenportal.org/portal/collections/individual/index.php?occid=74412
STATE	100	ASU	74870	ASU	D.E. Anderegg	Idaho	Idaho	4.54	outside_boundary_exact	Montana, Missoula County	46.6833333,-114.5833333	ASUL024788	Sect. 9, near Lolo Pass, T38N, R15E	https://lichenportal.org/portal/collections/individual/index.php?occid=74870
STATE	100	ASU	74873	ASU	R.J. Naskali	Idaho	Lemhi	0.74	outside_boundary_exact	Montana, Ravalli County	45.7,-113.95	ASUL024791	Lost Trail Pass area SW of US 93 in Salmon National Forest	https://lichenportal.org/portal/collections/individual/index.php?occid=74873
STATE	100	ASU	90420	ASU	D.E. Anderegg	Idaho	Boundary	53.89	outside_boundary_exact	Montana, Sanders County	48.0138889,-116.0027778	NA	sect. 11, T63N, R2E, on the north shore of the Moyie river	https://lichenportal.org/portal/collections/individual/index.php?occid=90420
STATE	100	ASU	93148	ASU	D.E. Anderegg	Idaho	Lemhi	26.68	outside_boundary_exact	Montana, Beaverhead County	45.0055556,-113.0152778	NA	sect.12, T23, R21E, Rocky bluff overlooking the Salmon river	https://lichenportal.org/portal/collections/individual/index.php?occid=93148
STATE	100	ASU	98578	ASU	R.J. Naskali	Idaho	Lemhi	0.74	outside_boundary_exact	Montana, Ravalli County	45.7,-113.95	NA	Lost Trail Pass area SW of US 93 in Salmon National Forest	https://lichenportal.org/portal/collections/individual/index.php?occid=98578
STATE	100	CAS	2680303	CAS	Anderegg, Doyle E.	Idaho	Idaho County	4.54	outside_boundary_exact	Montana, Missoula County	46.6833333333,-114.5833333333	462173	Unspecified	https://lichenportal.org/portal/collections/individual/index.php?occid=2680303
STATE	100	COLO	1634700	COLO	T. L. Esslinger	Idaho	Kootenai	167.99	outside_boundary_exact	Oregon, Wallowa County	45.85,-116.86667	COLO-L-0016531	near the south end of Lower Twin Lake	https://lichenportal.org/portal/collections/individual/index.php?occid=1634700
STATE	100	COLO	1660138	COLO	Theodore L. Esslinger	Idaho	Bonner	1.48	outside_boundary_exact	Montana, Lincoln County	48.38333,-116.02917	COLO-L-0020838	In the Priest R. Experimental Forest	https://lichenportal.org/portal/collections/individual/index.php?occid=1660138
STATE	100	ID	2911157	ID	Doyle E. Anderegg	Idaho	Latah	46.84	outside_boundary_exact	Washington, Whitman County	46.7,-117.65	ID-L-0007245	4 miles SE of JOEL, Idaho	https://lichenportal.org/portal/collections/individual/index.php?occid=2911157
STATE	100	ID	2911303	ID	Doyle E. Anderegg	Idaho	Latah	35.32	outside_boundary_exact	Washington, Whitman County	46.7,-117.5	ID-L-0007290	4 miles SE of Joel	https://lichenportal.org/portal/collections/individual/index.php?occid=2911303
STATE	100	ID	2911577	ID	Richard Naskali	Idaho	Washington	0.92	outside_boundary_exact	Oregon, Baker County	44.813333,-116.9375	ID-L-0007757	near summit of Sturgill Peak along tree line	https://lichenportal.org/portal/collections/individual/index.php?occid=2911577
STATE	100	ID	2911750	ID	Doyle E. Anderegg	Idaho	Latah	35.32	outside_boundary_exact	Washington, Whitman County	46.7,-117.5	ID-L-0001422	4 mi. SE of Joel	https://lichenportal.org/portal/collections/individual/index.php?occid=2911750
STATE	100	ID	2911760	ID	Richard J. Naskali	Idaho	Lemhi	0.74	outside_boundary_exact	Montana, Ravalli County	45.7,-113.95	ID-L-0001320	Lost Trail Pass area SW of U.S. 93 in Salmon National Foerst	https://lichenportal.org/portal/collections/individual/index.php?occid=2911760
STATE	100	ID	2911762	ID	Doyle E. Anderegg	Idaho	Idaho	4.54	outside_boundary_exact	Montana, Missoula County	46.683333,-114.583333	ID-L-0001311	Near Lolo Pass	https://lichenportal.org/portal/collections/individual/index.php?occid=2911762
STATE	100	ID	2911775	ID	Richard J. Naskali	Idaho	Lemhi	0.74	outside_boundary_exact	Montana, Ravalli County	45.7,-113.95	ID-L-0001342	Lost Trail Pass area SW of U.S. 93 in Salmon National Forest	https://lichenportal.org/portal/collections/individual/index.php?occid=2911775
STATE	100	ID	2911776	ID	Doyle E. Anderegg	Idaho	Lemhi	0.59	outside_boundary_exact	Montana, Beaverhead County	45.7,-113.933333	ID-L-0001309	Location Unknown	https://lichenportal.org/portal/collections/individual/index.php?occid=2911776
STATE	100	ID	2911818	ID	Doyle E. Anderegg	Idaho	Lemhi	0.59	outside_boundary_exact	Montana, Beaverhead County	45.7,-113.933333	ID-L-0001312	Location Unknown	https://lichenportal.org/portal/collections/individual/index.php?occid=2911818
STATE	100	ID	2911847	ID	Doyle E. Anderegg	Idaho	Idaho	4.54	outside_boundary_exact	Montana, Missoula County	46.683333,-114.583333	ID-L-0001387	sect. 9, T38N, R15E	https://lichenportal.org/portal/collections/individual/index.php?occid=2911847
STATE	100	ID	2911862	ID	Doyle E. Anderegg	Idaho	Idaho	4.54	outside_boundary_exact	Montana, Missoula County	46.6833333,-114.5833333	ID-L-0001310	Sect. 9, near Lolo Pass, T38N, R15E	https://lichenportal.org/portal/collections/individual/index.php?occid=2911862
STATE	100	ID	2912302	ID	Richard J. Naskali	Idaho	Washington	0.92	outside_boundary_exact	Oregon, Baker County	44.813333,-116.9375	ID-L-0008509	near summit of Sturgill Peak along tree line	https://lichenportal.org/portal/collections/individual/index.php?occid=2912302
STATE	100	ID	2912389	ID	Richard J. Naskali	Idaho	Washington	0.92	outside_boundary_exact	Oregon, Baker County	44.813333,-116.9375	ID-L-0008503	near summit of Sturgill Peak above tree line	https://lichenportal.org/portal/collections/individual/index.php?occid=2912389
STATE	100	ID	2912541	ID	Doyle E. Anderegg	Idaho	Latah	35.32	outside_boundary_exact	Washington, Whitman County	46.7,-117.5	ID-L-0006914	4 miles SE of Joel	https://lichenportal.org/portal/collections/individual/index.php?occid=2912541
STATE	100	ID	2913302	ID	Doyle E. Anderegg	Idaho	Lemhi	0.59	outside_boundary_exact	Montana, Beaverhead County	45.7,-113.933333	ID-L-0003906	Location Unknown	https://lichenportal.org/portal/collections/individual/index.php?occid=2913302
STATE	100	ID	2913519	ID	Doyle E. Anderegg	Idaho	Latah	35.32	outside_boundary_exact	Washington, Whitman County	46.7,-117.5	ID-L-0001218	4 mi. SE of Joel	https://lichenportal.org/portal/collections/individual/index.php?occid=2913519
STATE	100	ID	2913664	ID	Richard J. Naskali	Idaho	Lemhi	0.74	outside_boundary_exact	Montana, Ravalli County	45.7,-113.95	ID-L-0007959	Lost Trail Pass area SW of U.S. 93 in Salmon National Forest	https://lichenportal.org/portal/collections/individual/index.php?occid=2913664
STATE	100	ID	2913859	ID	Doyle E. Anderegg	Idaho	Latah	35.32	outside_boundary_exact	Washington, Whitman County	46.7,-117.5	ID-L-0006772	4 mi. SE of Joel,	https://lichenportal.org/portal/collections/individual/index.php?occid=2913859
STATE	100	ID	2913913	ID	Doyle E. Anderegg	Idaho	Latah	35.32	outside_boundary_exact	Washington, Whitman County	46.7,-117.5	ID-L-0006865	4 mi. SE of Joel	https://lichenportal.org/portal/collections/individual/index.php?occid=2913913
STATE	100	ID	2913956	ID	Richard J. Naskali	Idaho	Lemhi	0.74	outside_boundary_exact	Montana, Ravalli County	45.7,-113.95	ID-L-0002260	Lost Trail Pass area SW of U.S. 93 in Salmon National Forest	https://lichenportal.org/portal/collections/individual/index.php?occid=2913956
STATE	100	ID	2914034	ID	Richard J. Naskali	Idaho	Lemhi	0.74	outside_boundary_exact	Montana, Ravalli County	45.7,-113.95	ID-L-0002259	Lost Trail Pass area SW of U.S. 93 in Salmon National Forest	https://lichenportal.org/portal/collections/individual/index.php?occid=2914034
STATE	100	ID	2914045	ID	Doyle E. Anderegg	Idaho	Idaho	4.54	outside_boundary_exact	Montana, Missoula County	46.683333,-114.583333	ID-L-0002257	near Lolo Pass	https://lichenportal.org/portal/collections/individual/index.php?occid=2914045
STATE	100	ID	2914105	ID	Doyle E. Anderegg	Idaho	Idaho	4.54	outside_boundary_exact	Montana, Missoula County	46.683333,-114.583333	ID-L-0002261	Near Lolo Pass	https://lichenportal.org/portal/collections/individual/index.php?occid=2914105
STATE	100	ID	2914112	ID	Doyle E. Anderegg	Idaho	Lemhi	0.59	outside_boundary_exact	Montana, Beaverhead County	45.7,-113.933333	ID-L-0002256	Sect. 21, T1S, R19W	https://lichenportal.org/portal/collections/individual/index.php?occid=2914112
STATE	100	ID	2914646	ID	Doyle E. Anderegg	Idaho	Latah	35.32	outside_boundary_exact	Washington, Whitman County	46.7,-117.5	ID-L-0008707	4 mi SE of Joel	https://lichenportal.org/portal/collections/individual/index.php?occid=2914646
STATE	100	ID	2915123	ID	Doyle E. Anderegg	Idaho	Latah	35.32	outside_boundary_exact	Washington, Whitman County	46.7,-117.5	ID-L-0003085	4 mi. SE of Joel,	https://lichenportal.org/portal/collections/individual/index.php?occid=2915123
STATE	100	ID	2915140	ID	Doyle E. Anderegg	Idaho	Latah	35.32	outside_boundary_exact	Washington, Whitman County	46.7,-117.5	ID-L-0003094	4 mi. SE of Joel	https://lichenportal.org/portal/collections/individual/index.php?occid=2915140
STATE	100	ID	2915519	ID	Doyle E. Anderegg	Idaho	Lemhi	0.59	outside_boundary_exact	Montana, Beaverhead County	45.7,-113.933333	ID-L-0008425	Location Unknown	https://lichenportal.org/portal/collections/individual/index.php?occid=2915519
STATE	100	ID	2915731	ID	Doyle E. Anderegg	Idaho	Idaho	4.54	outside_boundary_exact	Montana, Missoula County	46.683333,-114.583333	ID-L-0002108	Near Lolo Pass	https://lichenportal.org/portal/collections/individual/index.php?occid=2915731
STATE	100	ID	2915902	ID	Doyle E. Anderegg	Idaho	Latah	35.32	outside_boundary_exact	Washington, Whitman County	46.7,-117.5	ID-L-0008831	4 mi. SE of Joel	https://lichenportal.org/portal/collections/individual/index.php?occid=2915902
STATE	100	ID	2916292	ID	Richard J. Naskali	Idaho	Lemhi	0.74	outside_boundary_exact	Montana, Ravalli County	45.7,-113.95	ID-L-0000991	Lost Trail Pass area SW of U.S. 93 in Salmon National Forest	https://lichenportal.org/portal/collections/individual/index.php?occid=2916292
STATE	100	ID	2916295	ID	Richard J Naskali	Idaho	Lemhi	0.74	outside_boundary_exact	Montana, Ravalli County	45.7,-113.95	ID-L-0000990	Lost Trail Pass Area SW of U.S. 93 in Salmon National Forest	https://lichenportal.org/portal/collections/individual/index.php?occid=2916295
STATE	100	ID	2916296	ID	Doyle E. Anderegg	Idaho	Lemhi	0.59	outside_boundary_exact	Montana, Beaverhead County	45.7,-113.933333	ID-L-0000989	Location Unknown	https://lichenportal.org/portal/collections/individual/index.php?occid=2916296
STATE	100	ID	2916613	ID	Doyle E. Anderegg	Idaho	Latah	35.32	outside_boundary_exact	Washington, Whitman County	46.7,-117.5	ID-L-0006019	4 mi. SE of Joel,	https://lichenportal.org/portal/collections/individual/index.php?occid=2916613
STATE	100	ID	2916622	ID	Doyle E. Anderegg	Idaho	Latah	35.32	outside_boundary_exact	Washington, Whitman County	46.7,-117.5	ID-L-0006146	4 miles SE of Joel	https://lichenportal.org/portal/collections/individual/index.php?occid=2916622
STATE	100	ID	2916915	ID	Doyle E. Anderegg	Idaho	Lemhi	26.68	outside_boundary_exact	Montana, Beaverhead County	45.0055556,-113.0152778	ID-L-0007611	sect.12, T23, R21E, Rocky bluff overlooking the Salmon river	https://lichenportal.org/portal/collections/individual/index.php?occid=2916915
STATE	100	ID	2917067	ID	Richard J. Naskali	Idaho	Lemhi	0.74	outside_boundary_exact	Montana, Ravalli County	45.7,-113.95	ID-L-0007592	Lost Trail Pass area SW of US 93 in Salmon National Forest	https://lichenportal.org/portal/collections/individual/index.php?occid=2917067
STATE	100	ID	2917099	ID	Doyle E. Anderegg	Idaho	Lemhi	0.59	outside_boundary_exact	Montana, Beaverhead County	45.7,-113.933333	ID-L-0004228	Location Unknown	https://lichenportal.org/portal/collections/individual/index.php?occid=2917099
STATE	100	ID	2917101	ID	Doyle E. Anderegg	Idaho	Latah	35.32	outside_boundary_exact	Washington, Whitman County	46.7,-117.5	ID-L-0004266	4 mi. SE of Joel	https://lichenportal.org/portal/collections/individual/index.php?occid=2917101
STATE	100	ID	2917114	ID	Richard J. Naskali	Idaho	Lemhi	0.74	outside_boundary_exact	Montana, Ravalli County	45.7,-113.95	ID-L-0004136	Lost Trail Pass area SW of U.S. 93 in Salmon National Forest	https://lichenportal.org/portal/collections/individual/index.php?occid=2917114
STATE	100	ID	2917274	ID	Doyle E. Anderegg	Idaho	Lemhi	0.59	outside_boundary_exact	Montana, Beaverhead County	45.7,-113.933333	ID-L-0004166	Location Unknown	https://lichenportal.org/portal/collections/individual/index.php?occid=2917274
STATE	100	ID	2917301	ID	Doyle E. Anderegg	Idaho	Latah	35.32	outside_boundary_exact	Washington, Whitman County	46.7,-117.5	ID-L-0004156	4 mi. SE of Joel	https://lichenportal.org/portal/collections/individual/index.php?occid=2917301
STATE	100	ID	2917403	ID	Doyle E. Anderegg	Idaho	Idaho	4.54	outside_boundary_exact	Montana, Missoula County	46.683333,-114.583333	ID-L-0001712	Near Lolo Pass	https://lichenportal.org/portal/collections/individual/index.php?occid=2917403
STATE	100	ID	2917511	ID	Doyle E. Anderegg	Idaho	Idaho	4.54	outside_boundary_exact	Montana, Missoula County	46.683333,-114.583333	ID-L-0001724	Location Unknown	https://lichenportal.org/portal/collections/individual/index.php?occid=2917511
STATE	100	ID	2917519	ID	Doyle E. Anderegg	Idaho	Idaho	4.54	outside_boundary_exact	Montana, Missoula County	46.683333,-114.583333	ID-L-0001695	Near Lolo Pass	https://lichenportal.org/portal/collections/individual/index.php?occid=2917519
STATE	100	ID	2917640	ID	Doyle E. Anderegg	Idaho	Latah	35.32	outside_boundary_exact	Washington, Whitman County	46.7,-117.5	ID-L-0008253	4 mi SE of JOEL, Sec. 22, T39N, R4W	https://lichenportal.org/portal/collections/individual/index.php?occid=2917640
STATE	100	ID	2917677	ID	Doyle E. Anderegg	Idaho	Latah	35.32	outside_boundary_exact	Washington, Whitman County	46.7,-117.5	ID-L-0008202	4 mi. SE of Joel,	https://lichenportal.org/portal/collections/individual/index.php?occid=2917677
STATE	100	ID	2917830	ID	Doyle E. Anderegg	Idaho	Lemhi	0.59	outside_boundary_exact	Montana, Beaverhead County	45.7,-113.933333	ID-L-0003591	Location Unknown	https://lichenportal.org/portal/collections/individual/index.php?occid=2917830
STATE	100	ID	2917872	ID	Doyle E. Anderegg	Idaho	Lemhi	0.59	outside_boundary_exact	Montana, Beaverhead County	45.7,-113.933333	ID-L-0003739	Location Unkonwn	https://lichenportal.org/portal/collections/individual/index.php?occid=2917872
STATE	100	ID	2918556	ID	Doyle E. Anderegg	Idaho	Idaho	4.54	outside_boundary_exact	Montana, Missoula County	46.683333,-114.583333	ID-L-0005159	Location Unknown	https://lichenportal.org/portal/collections/individual/index.php?occid=2918556
STATE	100	ID	2918758	ID	Doyle E. Anderegg	Idaho	Latah	35.32	outside_boundary_exact	Washington, Whitman County	46.7,-117.5	ID-L-0003545	4 miles SE of Joel	https://lichenportal.org/portal/collections/individual/index.php?occid=2918758
STATE	100	ID	2918839	ID	Doyle E. Anderegg	Idaho	Idaho	4.54	outside_boundary_exact	Montana, Missoula County	46.683333,-114.583333	ID-L-0003550	Location Unknown	https://lichenportal.org/portal/collections/individual/index.php?occid=2918839
STATE	100	ID	2918925	ID	Doyle E. Anderegg	Idaho	Latah	35.32	outside_boundary_exact	Washington, Whitman County	46.7,-117.5	ID-L-0003304	4 mi. SE of Joel,	https://lichenportal.org/portal/collections/individual/index.php?occid=2918925
STATE	100	ID	2933490	ID	Richard J. Naskali	Idaho	Lemhi	0.74	outside_boundary_exact	Montana, Ravalli County	45.7,-113.95	ID-L-0001000	Lost Trail Pass area SW of U.S. 93 in Salmon National Foest	https://lichenportal.org/portal/collections/individual/index.php?occid=2933490
STATE	100	IDS	2571820	IDS	Doyle E. Anderegg	Idaho	Latah	35.32	outside_boundary_exact	Washington, Whitman County	46.7,-117.5	IDS-L-0000918	4 miles SE of Joel.	https://lichenportal.org/portal/collections/individual/index.php?occid=2571820
STATE	100	IDS	2572033	IDS	Roger Rosentreter	Idaho	Lemhi	35.42	outside_boundary_exact	Montana, Beaverhead County	45.8,-113.45	IDS-L-0000894	Lemhi Pass, Idaho-Montana border, 20 miles SE of Salmon	https://lichenportal.org/portal/collections/individual/index.php?occid=2572033
STATE	100	MIN	2902274	MIN	McCune, B.	Idaho	Ada	134.12	outside_boundary_exact	Oregon, Malheur County	43.68333333,-118.1833333	929152	Boise, 5 km Nne of, On Road To Bogus Basin	https://lichenportal.org/portal/collections/individual/index.php?occid=2902274
STATE	100	MIN	404796	MIN	Cooke, W.; Cooke	Idaho	Latah	0.62	outside_boundary_exact	Washington, Whitman County	46.7948,-117.0479	866207	Thatuna Ridge	https://lichenportal.org/portal/collections/individual/index.php?occid=404796
STATE	100	MIN	426688	MIN	Rosentreter, R.	Idaho	Teton	6.9	outside_boundary_exact	Wyoming, Teton County	43.785499,-110.960498	893875	3 Mi Ne of Driggs	https://lichenportal.org/portal/collections/individual/index.php?occid=426688
STATE	100	MIN	429819	MIN	Cooke, W.; Cooke	Idaho	Latah	0.62	outside_boundary_exact	Washington, Whitman County	46.7948,-117.0479	900794	Thatuna Ridge, W End	https://lichenportal.org/portal/collections/individual/index.php?occid=429819
STATE	100	MIN	430169	MIN	Cooke, W.; Cooke	Idaho	Latah	0.62	outside_boundary_exact	Washington, Whitman County	46.7948,-117.0479	901279	Thatuna Ridge	https://lichenportal.org/portal/collections/individual/index.php?occid=430169
STATE	100	MONTU	5785097	MONTU	Roger Rosentreter	Idaho	Lemhi	35.42	outside_boundary_exact	Montana, Beaverhead County	45.8,-113.45	MONTU00853	Lemhi Pass, Idaho-Montana border, 20 miles SE of Salmon, Idaho.	https://lichenportal.org/portal/collections/individual/index.php?occid=5785097
STATE	100	OS	2424481	OS	Richard J. Naskali	Idaho	Lemhi	0.74	outside_boundary_exact	Montana, Ravalli County	45.7,-113.95	OS0012473	Lost Trail Pass area SW of U.S. 93 in Salmon National Forest	https://lichenportal.org/portal/collections/individual/index.php?occid=2424481
STATE	100	OS	2424487	OS	Richard J. Naskali	Idaho	Lemhi	0.74	outside_boundary_exact	Montana, Ravalli County	45.7,-113.95	OS0012449	Lost Trail Pass area SW of U.S. 93 in Salmon National Forest	https://lichenportal.org/portal/collections/individual/index.php?occid=2424487
STATE	100	OSC	2231027	OSC	Roger Rosentreter	Idaho	Lemhi	35.42	outside_boundary_exact	Montana, Beaverhead County	45.8,-113.45	55361A	Lemhi Pass, 20 mi SE of Salmon	https://lichenportal.org/portal/collections/individual/index.php?occid=2231027
STATE	100	OSC	2231304	OSC	Roger Rosentreter	Idaho	Lemhi	35.42	outside_boundary_exact	Montana, Beaverhead County	45.8,-113.45	142804	Lemhi Pass, 20 mi SE of Salmon	https://lichenportal.org/portal/collections/individual/index.php?occid=2231304
STATE	100	OSC	3484859	OSC	Jill Grenon	Idaho	Elmore	317.04	outside_boundary_exact	Wyoming, Teton County	44.074273,-111.008024	OSC-M-314101	DRWH. FIA Site # DRWH	https://lichenportal.org/portal/collections/individual/index.php?occid=3484859
STATE	100	OSC	3484860	OSC	Jill Grenon	Idaho	Elmore	317.04	outside_boundary_exact	Wyoming, Teton County	44.074273,-111.008024	OSC-M-314102	DRWH. FIA Site # DRWH	https://lichenportal.org/portal/collections/individual/index.php?occid=3484860
STATE	100	OSC	3484861	OSC	Jill Grenon	Idaho	Elmore	317.04	outside_boundary_exact	Wyoming, Teton County	44.074273,-111.008024	OSC-M-314103	DRWH. FIA Site # DRWH	https://lichenportal.org/portal/collections/individual/index.php?occid=3484861
STATE	100	OSC	3484862	OSC	Jill Grenon	Idaho	Elmore	317.04	outside_boundary_exact	Wyoming, Teton County	44.074273,-111.008024	OSC-M-314104	DRWH. FIA Site # DRWH	https://lichenportal.org/portal/collections/individual/index.php?occid=3484862
STATE	100	OSC	3484863	OSC	Jill Grenon	Idaho	Elmore	317.04	outside_boundary_exact	Wyoming, Teton County	44.074273,-111.008024	OSC-M-314106	DRWH. FIA Site # DRWH	https://lichenportal.org/portal/collections/individual/index.php?occid=3484863
STATE	100	OSC	3484864	OSC	Jill Grenon	Idaho	Elmore	317.04	outside_boundary_exact	Wyoming, Teton County	44.074273,-111.008024	OSC-M-314107	DRWH. FIA Site # DRWH	https://lichenportal.org/portal/collections/individual/index.php?occid=3484864
STATE	100	OSC	3484865	OSC	Jill Grenon	Idaho	Elmore	317.04	outside_boundary_exact	Wyoming, Teton County	44.074273,-111.008024	OSC-M-314108	DRWH. FIA Site # DRWH	https://lichenportal.org/portal/collections/individual/index.php?occid=3484865
STATE	100	OSC	3484866	OSC	Jill Grenon	Idaho	Elmore	317.04	outside_boundary_exact	Wyoming, Teton County	44.074273,-111.008024	OSC-M-314109	DRWH. FIA Site # DRWH	https://lichenportal.org/portal/collections/individual/index.php?occid=3484866
STATE	100	OSC	3484867	OSC	Jill Grenon	Idaho	Elmore	317.04	outside_boundary_exact	Wyoming, Teton County	44.074273,-111.008024	OSC-M-314110	DRWH. FIA Site # DRWH	https://lichenportal.org/portal/collections/individual/index.php?occid=3484867
STATE	100	OSC	3484868	OSC	Jill Grenon	Idaho	Elmore	317.04	outside_boundary_exact	Wyoming, Teton County	44.074273,-111.008024	OSC-M-314111	DRWH. FIA Site # DRWH	https://lichenportal.org/portal/collections/individual/index.php?occid=3484868
STATE	100	OSC	3484869	OSC	Jill Grenon	Idaho	Elmore	317.04	outside_boundary_exact	Wyoming, Teton County	44.074273,-111.008024	OSC-M-314112	DRWH. FIA Site # DRWH	https://lichenportal.org/portal/collections/individual/index.php?occid=3484869
STATE	100	OSC	3484870	OSC	Jill Grenon	Idaho	Elmore	317.04	outside_boundary_exact	Wyoming, Teton County	44.074273,-111.008024	OSC-M-314113	DRWH. FIA Site # DRWH	https://lichenportal.org/portal/collections/individual/index.php?occid=3484870
STATE	100	OSC	3484871	OSC	Jill Grenon	Idaho	Elmore	317.04	outside_boundary_exact	Wyoming, Teton County	44.074273,-111.008024	OSC-M-314114	DRWH. FIA Site # DRWH	https://lichenportal.org/portal/collections/individual/index.php?occid=3484871
STATE	100	OSC	3484872	OSC	Jill Grenon	Idaho	Elmore	317.04	outside_boundary_exact	Wyoming, Teton County	44.074273,-111.008024	OSC-M-314115	DRWH. FIA Site # DRWH	https://lichenportal.org/portal/collections/individual/index.php?occid=3484872
STATE	100	OSC	3484873	OSC	Jill Grenon	Idaho	Elmore	317.04	outside_boundary_exact	Wyoming, Teton County	44.074273,-111.008024	OSC-M-314117	DRWH. FIA Site # DRWH	https://lichenportal.org/portal/collections/individual/index.php?occid=3484873
STATE	100	OSC	3484874	OSC	Jill Grenon	Idaho	Elmore	317.04	outside_boundary_exact	Wyoming, Teton County	44.074273,-111.008024	OSC-M-314118	DRWH. FIA Site # DRWH	https://lichenportal.org/portal/collections/individual/index.php?occid=3484874
STATE	100	OSC	4496354	OSC	Linda Geiser	Idaho	Idaho	0.02	outside_boundary_exact	Oregon, Wallowa County	45.6342,-116.4833	OSC-M-292498	Wallowa-Whitman National Forest: Hells Canyon National Recreation Area: W side of the N fork of Klopton Ck., 1.76 mi from the Snake R./Klopton Ck. confluence. FIA Site # Klop2	https://lichenportal.org/portal/collections/individual/index.php?occid=4496354
STATE	100	OSC	4496355	OSC	Linda Geiser	Idaho	Idaho	0.02	outside_boundary_exact	Oregon, Wallowa County	45.6342,-116.4833	OSC-M-292499	Wallowa-Whitman National Forest: Hells Canyon National Recreation Area: W side of the N fork of Klopton Ck., 1.76 mi from the Snake R./Klopton Ck. confluence. FIA Site # Klop2	https://lichenportal.org/portal/collections/individual/index.php?occid=4496355
STATE	100	OSC	4496356	OSC	Linda Geiser	Idaho	Idaho	0.02	outside_boundary_exact	Oregon, Wallowa County	45.6342,-116.4833	OSC-M-292500	Wallowa-Whitman National Forest: Hells Canyon National Recreation Area: W side of the N fork of Klopton Ck., 1.76 mi from the Snake R./Klopton Ck. confluence. FIA Site # Klop2	https://lichenportal.org/portal/collections/individual/index.php?occid=4496356
STATE	100	OSC	4496357	OSC	Linda Geiser	Idaho	Idaho	0.02	outside_boundary_exact	Oregon, Wallowa County	45.6342,-116.4833	OSC-M-292501	Wallowa-Whitman National Forest: Hells Canyon National Recreation Area: W side of the N fork of Klopton Ck., 1.76 mi from the Snake R./Klopton Ck. confluence. FIA Site # Klop2	https://lichenportal.org/portal/collections/individual/index.php?occid=4496357
STATE	100	OSC	4496358	OSC	Linda Geiser	Idaho	Idaho	0.02	outside_boundary_exact	Oregon, Wallowa County	45.6342,-116.4833	OSC-M-292502	Wallowa-Whitman National Forest: Hells Canyon National Recreation Area: W side of the N fork of Klopton Ck., 1.76 mi from the Snake R./Klopton Ck. confluence. FIA Site # Klop2	https://lichenportal.org/portal/collections/individual/index.php?occid=4496358
STATE	100	OSC	4496359	OSC	Linda Geiser	Idaho	Idaho	0.02	outside_boundary_exact	Oregon, Wallowa County	45.6342,-116.4833	OSC-M-292503	Wallowa-Whitman National Forest: Hells Canyon National Recreation Area: W side of the N fork of Klopton Ck., 1.76 mi from the Snake R./Klopton Ck. confluence. FIA Site # Klop2	https://lichenportal.org/portal/collections/individual/index.php?occid=4496359
STATE	100	OSC	4496360	OSC	Linda Geiser	Idaho	Idaho	0.02	outside_boundary_exact	Oregon, Wallowa County	45.6342,-116.4833	OSC-M-292504	Wallowa-Whitman National Forest: Hells Canyon National Recreation Area: W side of the N fork of Klopton Ck., 1.76 mi from the Snake R./Klopton Ck. confluence. FIA Site # Klop2	https://lichenportal.org/portal/collections/individual/index.php?occid=4496360
STATE	100	OSC	4496361	OSC	Linda Geiser	Idaho	Idaho	0.02	outside_boundary_exact	Oregon, Wallowa County	45.6342,-116.4833	OSC-M-292505	Wallowa-Whitman National Forest: Hells Canyon National Recreation Area: W side of the N fork of Klopton Ck., 1.76 mi from the Snake R./Klopton Ck. confluence. FIA Site # Klop2	https://lichenportal.org/portal/collections/individual/index.php?occid=4496361
STATE	100	OSC	4496362	OSC	Linda Geiser	Idaho	Idaho	0.02	outside_boundary_exact	Oregon, Wallowa County	45.6342,-116.4833	OSC-M-292506	Wallowa-Whitman National Forest: Hells Canyon National Recreation Area: W side of the N fork of Klopton Ck., 1.76 mi from the Snake R./Klopton Ck. confluence. FIA Site # Klop2	https://lichenportal.org/portal/collections/individual/index.php?occid=4496362
STATE	100	OSC	4503070	OSC	A. Mikulin, Linda Geiser	Idaho	Idaho	0.29	outside_boundary_exact	Oregon, Wallowa County	45.62712,-116.4757	OSC-M-299290	Payette National Forest: Hells Canyon National Recreation Area: Hells Canyon Wilderness: S side of Pittsburg Ck., 0.25 mi from the Snake R./Pittsburg Ck. confluence. FIA Site # Pitts1/4	https://lichenportal.org/portal/collections/individual/index.php?occid=4503070
STATE	100	OSC	4503071	OSC	A. Mikulin, Linda Geiser	Idaho	Idaho	0.29	outside_boundary_exact	Oregon, Wallowa County	45.62712,-116.4757	OSC-M-299291	Payette National Forest: Hells Canyon National Recreation Area: Hells Canyon Wilderness: S side of Pittsburg Ck., 0.25 mi from the Snake R./Pittsburg Ck. confluence. FIA Site # Pitts1/4	https://lichenportal.org/portal/collections/individual/index.php?occid=4503071
STATE	100	OSC	4503072	OSC	A. Mikulin, Linda Geiser	Idaho	Idaho	0.29	outside_boundary_exact	Oregon, Wallowa County	45.62712,-116.4757	OSC-M-299292	Payette National Forest: Hells Canyon National Recreation Area: Hells Canyon Wilderness: S side of Pittsburg Ck., 0.25 mi from the Snake R./Pittsburg Ck. confluence. FIA Site # Pitts1/4	https://lichenportal.org/portal/collections/individual/index.php?occid=4503072
STATE	100	OSC	4503073	OSC	A. Mikulin, Linda Geiser	Idaho	Idaho	0.29	outside_boundary_exact	Oregon, Wallowa County	45.62712,-116.4757	OSC-M-299293	Payette National Forest: Hells Canyon National Recreation Area: Hells Canyon Wilderness: S side of Pittsburg Ck., 0.25 mi from the Snake R./Pittsburg Ck. confluence. FIA Site # Pitts1/4	https://lichenportal.org/portal/collections/individual/index.php?occid=4503073
STATE	100	OSC	4503074	OSC	A. Mikulin, Linda Geiser	Idaho	Idaho	0.29	outside_boundary_exact	Oregon, Wallowa County	45.62712,-116.4757	OSC-M-299294	Payette National Forest: Hells Canyon National Recreation Area: Hells Canyon Wilderness: S side of Pittsburg Ck., 0.25 mi from the Snake R./Pittsburg Ck. confluence. FIA Site # Pitts1/4	https://lichenportal.org/portal/collections/individual/index.php?occid=4503074
STATE	100	OSC	4503075	OSC	A. Mikulin, Linda Geiser	Idaho	Idaho	0.29	outside_boundary_exact	Oregon, Wallowa County	45.62712,-116.4757	OSC-M-299295	Payette National Forest: Hells Canyon National Recreation Area: Hells Canyon Wilderness: S side of Pittsburg Ck., 0.25 mi from the Snake R./Pittsburg Ck. confluence. FIA Site # Pitts1/4	https://lichenportal.org/portal/collections/individual/index.php?occid=4503075
STATE	100	OSC	4503076	OSC	A. Mikulin, Linda Geiser	Idaho	Idaho	0.29	outside_boundary_exact	Oregon, Wallowa County	45.62712,-116.4757	OSC-M-299296	Payette National Forest: Hells Canyon National Recreation Area: Hells Canyon Wilderness: S side of Pittsburg Ck., 0.25 mi from the Snake R./Pittsburg Ck. confluence. FIA Site # Pitts1/4	https://lichenportal.org/portal/collections/individual/index.php?occid=4503076
STATE	100	OSC	4503077	OSC	A. Mikulin, Linda Geiser	Idaho	Idaho	0.29	outside_boundary_exact	Oregon, Wallowa County	45.62712,-116.4757	OSC-M-299297	Payette National Forest: Hells Canyon National Recreation Area: Hells Canyon Wilderness: S side of Pittsburg Ck., 0.25 mi from the Snake R./Pittsburg Ck. confluence. FIA Site # Pitts1/4	https://lichenportal.org/portal/collections/individual/index.php?occid=4503077
STATE	100	OSC	4516597	OSC	Jill Grenon	Idaho	Elmore	317.04	outside_boundary_exact	Wyoming, Teton County	44.074273,-111.008024	OSC-M-314105	DRWH. FIA Site # DRWH	https://lichenportal.org/portal/collections/individual/index.php?occid=4516597
STATE	100	OSC	4516598	OSC	Jill Grenon	Idaho	Elmore	317.04	outside_boundary_exact	Wyoming, Teton County	44.074273,-111.008024	OSC-M-314116	DRWH. FIA Site # DRWH	https://lichenportal.org/portal/collections/individual/index.php?occid=4516598
STATE	100	OSC	4516599	OSC	Jill Grenon	Idaho	Elmore	317.04	outside_boundary_exact	Wyoming, Teton County	44.074273,-111.008024	OSC-M-314119	DRWH. FIA Site # DRWH	https://lichenportal.org/portal/collections/individual/index.php?occid=4516599
STATE	100	OSC	4517262	OSC	Linda Geiser	Idaho	Idaho	0.02	outside_boundary_exact	Oregon, Wallowa County	45.6342,-116.4833	OSC-M-292504a	Wallowa-Whitman National Forest: Hells Canyon National Recreation Area: W side of the N fork of Klopton Ck., 1.76 mi from the Snake R./Klopton Ck. confluence. FIA Site # Klop2	https://lichenportal.org/portal/collections/individual/index.php?occid=4517262
STATE	100	OSC	4517275	OSC	A. Mikulin, Linda Geiser	Idaho	Idaho	0.29	outside_boundary_exact	Oregon, Wallowa County	45.62712,-116.4757	OSC-M-299290a	Payette National Forest: Hells Canyon National Recreation Area: Hells Canyon Wilderness: S side of Pittsburg Ck., 0.25 mi from the Snake R./Pittsburg Ck. confluence. FIA Site # Pitts1/4	https://lichenportal.org/portal/collections/individual/index.php?occid=4517275
STATE	100	OSC	4517276	OSC	A. Mikulin, Linda Geiser	Idaho	Idaho	0.29	outside_boundary_exact	Oregon, Wallowa County	45.62712,-116.4757	OSC-M-299290b	Payette National Forest: Hells Canyon National Recreation Area: Hells Canyon Wilderness: S side of Pittsburg Ck., 0.25 mi from the Snake R./Pittsburg Ck. confluence. FIA Site # Pitts1/4	https://lichenportal.org/portal/collections/individual/index.php?occid=4517276
STATE	100	OSC	4729300	OSC	Linda Geiser	Idaho	Idaho	0.29	outside_boundary_exact	Oregon, Wallowa County	45.62712,-116.4757	OSC-M-050109	Payette National Forest: Hells Canyon National Recreation Area: Hells Canyon Wilderness: S side of Pittsburg Ck., 0.25 mi from the Snake R./Pittsburg Ck. confluence.	https://lichenportal.org/portal/collections/individual/index.php?occid=4729300
STATE	100	OSC	479819	OSC	Doyle Anderegg	Idaho	Lemhi	0.59	outside_boundary_exact	Montana, Beaverhead County	45.7,-113.933333	33044	none listed	https://lichenportal.org/portal/collections/individual/index.php?occid=479819
STATE	100	OSC	4805210	OSC	Buzz Hettick	Idaho	Bingham	784.14	outside_boundary_exact	Oregon, Lane County	43.472755,-122.7315	OSC-M-220498	FIA Site # 87202 16 11	https://lichenportal.org/portal/collections/individual/index.php?occid=4805210
STATE	100	OSC	4805211	OSC	Buzz Hettick	Idaho	Bingham	784.14	outside_boundary_exact	Oregon, Lane County	43.472755,-122.7315	OSC-M-220499	FIA Site # 87202 16 11	https://lichenportal.org/portal/collections/individual/index.php?occid=4805211
STATE	100	OSC	4805212	OSC	Buzz Hettick	Idaho	Bingham	784.14	outside_boundary_exact	Oregon, Lane County	43.472755,-122.7315	OSC-M-220500	FIA Site # 87202 16 11	https://lichenportal.org/portal/collections/individual/index.php?occid=4805212
STATE	100	OSC	4805213	OSC	Buzz Hettick	Idaho	Bingham	784.14	outside_boundary_exact	Oregon, Lane County	43.472755,-122.7315	OSC-M-220501	FIA Site # 87202 16 11	https://lichenportal.org/portal/collections/individual/index.php?occid=4805213
STATE	100	OSC	4805214	OSC	Buzz Hettick	Idaho	Bingham	784.14	outside_boundary_exact	Oregon, Lane County	43.472755,-122.7315	OSC-M-220502	FIA Site # 87202 16 11	https://lichenportal.org/portal/collections/individual/index.php?occid=4805214
STATE	100	OSC	4805215	OSC	Buzz Hettick	Idaho	Bingham	784.14	outside_boundary_exact	Oregon, Lane County	43.472755,-122.7315	OSC-M-220503	FIA Site # 87202 16 11	https://lichenportal.org/portal/collections/individual/index.php?occid=4805215
STATE	100	OSC	4805216	OSC	Buzz Hettick	Idaho	Bingham	784.14	outside_boundary_exact	Oregon, Lane County	43.472755,-122.7315	OSC-M-220504	FIA Site # 87202 16 11	https://lichenportal.org/portal/collections/individual/index.php?occid=4805216
STATE	100	OSC	4805217	OSC	Buzz Hettick	Idaho	Bingham	784.14	outside_boundary_exact	Oregon, Lane County	43.472755,-122.7315	OSC-M-220505	FIA Site # 87202 16 11	https://lichenportal.org/portal/collections/individual/index.php?occid=4805217
STATE	100	OSC	4805218	OSC	Buzz Hettick	Idaho	Bingham	784.14	outside_boundary_exact	Oregon, Lane County	43.472755,-122.7315	OSC-M-220506	FIA Site # 87202 16 11	https://lichenportal.org/portal/collections/individual/index.php?occid=4805218
STATE	100	OSC	4807614	OSC	Buzz Hettick	Idaho	Bingham	784.14	outside_boundary_exact	Oregon, Lane County	43.472755,-122.7315	OSC-M-220505a	FIA Site # 87202 16 11	https://lichenportal.org/portal/collections/individual/index.php?occid=4807614
STATE	100	OSC	4808946	OSC	J. Dexter	Idaho	Bingham	784.14	outside_boundary_exact	Oregon, Lane County	43.472755,-122.7315	OSC-M-246847	FIA Site # 87202 16 11	https://lichenportal.org/portal/collections/individual/index.php?occid=4808946
STATE	100	OSC	4808947	OSC	J. Dexter	Idaho	Bingham	784.14	outside_boundary_exact	Oregon, Lane County	43.472755,-122.7315	OSC-M-246848	FIA Site # 87202 16 11	https://lichenportal.org/portal/collections/individual/index.php?occid=4808947
STATE	100	OSC	4808948	OSC	J. Dexter	Idaho	Bingham	784.14	outside_boundary_exact	Oregon, Lane County	43.472755,-122.7315	OSC-M-246849	FIA Site # 87202 16 11	https://lichenportal.org/portal/collections/individual/index.php?occid=4808948
STATE	100	OSC	4808949	OSC	J. Dexter	Idaho	Bingham	784.14	outside_boundary_exact	Oregon, Lane County	43.472755,-122.7315	OSC-M-246850	FIA Site # 87202 16 11	https://lichenportal.org/portal/collections/individual/index.php?occid=4808949
STATE	100	OSC	4808950	OSC	J. Dexter	Idaho	Bingham	784.14	outside_boundary_exact	Oregon, Lane County	43.472755,-122.7315	OSC-M-246851	FIA Site # 87202 16 11	https://lichenportal.org/portal/collections/individual/index.php?occid=4808950
STATE	100	OSC	4808951	OSC	J. Dexter	Idaho	Bingham	784.14	outside_boundary_exact	Oregon, Lane County	43.472755,-122.7315	OSC-M-246852	FIA Site # 87202 16 11	https://lichenportal.org/portal/collections/individual/index.php?occid=4808951
STATE	100	OSC	4808952	OSC	J. Dexter	Idaho	Bingham	784.14	outside_boundary_exact	Oregon, Lane County	43.472755,-122.7315	OSC-M-246853	FIA Site # 87202 16 11	https://lichenportal.org/portal/collections/individual/index.php?occid=4808952
STATE	100	OSC	4808953	OSC	J. Dexter	Idaho	Bingham	784.14	outside_boundary_exact	Oregon, Lane County	43.472755,-122.7315	OSC-M-246854	FIA Site # 87202 16 11	https://lichenportal.org/portal/collections/individual/index.php?occid=4808953
STATE	100	OSC	4808954	OSC	J. Dexter	Idaho	Bingham	784.14	outside_boundary_exact	Oregon, Lane County	43.472755,-122.7315	OSC-M-246855	FIA Site # 87202 16 11	https://lichenportal.org/portal/collections/individual/index.php?occid=4808954
STATE	100	OSC	4808955	OSC	J. Dexter	Idaho	Bingham	784.14	outside_boundary_exact	Oregon, Lane County	43.472755,-122.7315	OSC-M-246856	FIA Site # 87202 16 11	https://lichenportal.org/portal/collections/individual/index.php?occid=4808955
STATE	100	OSC	4808956	OSC	J. Dexter	Idaho	Bingham	784.14	outside_boundary_exact	Oregon, Lane County	43.472755,-122.7315	OSC-M-246857	FIA Site # 87202 16 11	https://lichenportal.org/portal/collections/individual/index.php?occid=4808956
STATE	100	OSC	4808957	OSC	J. Dexter	Idaho	Bingham	784.14	outside_boundary_exact	Oregon, Lane County	43.472755,-122.7315	OSC-M-246858	FIA Site # 87202 16 11	https://lichenportal.org/portal/collections/individual/index.php?occid=4808957
STATE	100	OSC	4808958	OSC	J. Dexter	Idaho	Bingham	784.14	outside_boundary_exact	Oregon, Lane County	43.472755,-122.7315	OSC-M-246859	FIA Site # 87202 16 11	https://lichenportal.org/portal/collections/individual/index.php?occid=4808958
STATE	100	OSC	4808959	OSC	J. Dexter	Idaho	Bingham	784.14	outside_boundary_exact	Oregon, Lane County	43.472755,-122.7315	OSC-M-246860	FIA Site # 87202 16 11	https://lichenportal.org/portal/collections/individual/index.php?occid=4808959
STATE	100	OSC	4808960	OSC	J. Dexter	Idaho	Bingham	784.14	outside_boundary_exact	Oregon, Lane County	43.472755,-122.7315	OSC-M-246861	FIA Site # 87202 16 11	https://lichenportal.org/portal/collections/individual/index.php?occid=4808960
STATE	100	OSC	4808961	OSC	J. Dexter	Idaho	Bingham	784.14	outside_boundary_exact	Oregon, Lane County	43.472755,-122.7315	OSC-M-246862	FIA Site # 87202 16 11	https://lichenportal.org/portal/collections/individual/index.php?occid=4808961
STATE	100	OSC	4808962	OSC	J. Dexter	Idaho	Bingham	784.14	outside_boundary_exact	Oregon, Lane County	43.472755,-122.7315	OSC-M-246863	FIA Site # 87202 16 11	https://lichenportal.org/portal/collections/individual/index.php?occid=4808962
STATE	100	OSC	4808963	OSC	J. Dexter	Idaho	Bingham	784.14	outside_boundary_exact	Oregon, Lane County	43.472755,-122.7315	OSC-M-246864	FIA Site # 87202 16 11	https://lichenportal.org/portal/collections/individual/index.php?occid=4808963
STATE	100	OSC	4808964	OSC	J. Dexter	Idaho	Bingham	784.14	outside_boundary_exact	Oregon, Lane County	43.472755,-122.7315	OSC-M-246865	FIA Site # 87202 16 11	https://lichenportal.org/portal/collections/individual/index.php?occid=4808964
STATE	100	OSC	4808965	OSC	J. Dexter	Idaho	Bingham	784.14	outside_boundary_exact	Oregon, Lane County	43.472755,-122.7315	OSC-M-246866	FIA Site # 87202 16 11	https://lichenportal.org/portal/collections/individual/index.php?occid=4808965
STATE	100	OSC	4808966	OSC	J. Dexter	Idaho	Bingham	784.14	outside_boundary_exact	Oregon, Lane County	43.472755,-122.7315	OSC-M-246867	FIA Site # 87202 16 11	https://lichenportal.org/portal/collections/individual/index.php?occid=4808966
STATE	100	OSC	4808967	OSC	J. Dexter	Idaho	Bingham	784.14	outside_boundary_exact	Oregon, Lane County	43.472755,-122.7315	OSC-M-246868	FIA Site # 87202 16 11	https://lichenportal.org/portal/collections/individual/index.php?occid=4808967
STATE	100	OSC	4808968	OSC	J. Dexter	Idaho	Bingham	784.14	outside_boundary_exact	Oregon, Lane County	43.472755,-122.7315	OSC-M-246869	FIA Site # 87202 16 11	https://lichenportal.org/portal/collections/individual/index.php?occid=4808968
STATE	100	OSC	4809615	OSC	J. Dexter	Idaho	Bingham	784.14	outside_boundary_exact	Oregon, Lane County	43.472755,-122.7315	OSC-M-246853a	FIA Site # 87202 16 11	https://lichenportal.org/portal/collections/individual/index.php?occid=4809615
STATE	100	OSC	4810196	OSC	A. Mikulin, Linda Geiser	Idaho	Idaho	0.29	outside_boundary_exact	Oregon, Wallowa County	45.62712,-116.4757	OSC-M-299294a	Payette National Forest: Hells Canyon National Recreation Area: Hells Canyon Wilderness: S side of Pittsburg Ck., 0.25 mi from the Snake R./Pittsburg Ck. confluence. FIA Site # Pitts1/4	https://lichenportal.org/portal/collections/individual/index.php?occid=4810196
STATE	100	OSC	4810197	OSC	A. Mikulin, Linda Geiser	Idaho	Idaho	0.29	outside_boundary_exact	Oregon, Wallowa County	45.62712,-116.4757	OSC-M-299294b	Payette National Forest: Hells Canyon National Recreation Area: Hells Canyon Wilderness: S side of Pittsburg Ck., 0.25 mi from the Snake R./Pittsburg Ck. confluence. FIA Site # Pitts1/4	https://lichenportal.org/portal/collections/individual/index.php?occid=4810197
STATE	100	OSC	482774	OSC	K. Dillman	Idaho	Bannock	791.41	outside_boundary_exact	Oregon, Jackson County	42.833333,-122.5	70758	City Creek drainage near Pocatello.	https://lichenportal.org/portal/collections/individual/index.php?occid=482774
STATE	100	PH	1796605	PH	Theodore L. Esslinger	Idaho	Kootenai	167.99	outside_boundary_exact	Oregon, Wallowa County	45.85,-116.86667	PH00116931	Near the south end of Lower Twin Lake	https://lichenportal.org/portal/collections/individual/index.php?occid=1796605
STATE	100	SBBG	1316042	SBBG	BRYc	Idaho	Lemhi	15.19	outside_boundary_exact	Montana, Beaverhead County	45.5,-113.566667	NA	Salmon-Challis Nat Forest; Head of East Fork of Kenney Creek	https://lichenportal.org/portal/collections/individual/index.php?occid=1316042
STATE	100	SBBG	137451	SBBG	Theodore L. Esslinger	Idaho	Bonner	53.47	outside_boundary_exact	Washington, Stevens County	48.383333,-117.75	NA	Gisborne Mtn. in the Priest River Experimental forest	https://lichenportal.org/portal/collections/individual/index.php?occid=137451
STATE	100	SBBG	142104	SBBG	T.L. Esslinger	Idaho	Kootenai	167.99	outside_boundary_exact	Oregon, Wallowa County	45.85,-116.866667	SBBG014687L	near the s end of Lower Twin Lake	https://lichenportal.org/portal/collections/individual/index.php?occid=142104
STATE	100	SBBG	3555053	SBBG	R. Rosentreter	Idaho	Lemhi	35.42	outside_boundary_exact	Montana, Beaverhead County	45.8,-113.45	SBBG001259L	Lemhi Pass, Idaho-Montana border, 20 mi SE of Salmon	https://lichenportal.org/portal/collections/individual/index.php?occid=3555053
STATE	100	SFSU	2698339	SFSU	D. E. Anderegg	Idaho	Lemhi	0.74	outside_boundary_exact	Montana, Ravalli County	45.7,-113.95	SFSU-L-002955	Lost Trail Pass area SW of U.S. 93 in Salmon National Forest	https://lichenportal.org/portal/collections/individual/index.php?occid=2698339
STATE	100	SRP	1105828	SRP	Roger Rosentreter	Idaho	Lemhi	35.42	outside_boundary_exact	Montana, Beaverhead County	45.799999,-113.449997	SRP-L-0003054	Lemhi Pass, Montana Idaho border. 20 miles Southeast of Salmon, Idaho.	https://lichenportal.org/portal/collections/individual/index.php?occid=1105828
STATE	100	SRP	1105851	SRP	Roger Rosentreter	Idaho	Lemhi	35.42	outside_boundary_exact	Montana, Beaverhead County	45.799999,-113.449997	SRP-L-0003028	Lemhi Pass, Montana Idaho border. 20 miles Southeast of Salmon, Idaho.	https://lichenportal.org/portal/collections/individual/index.php?occid=1105851
STATE	100	SRP	1105966	SRP	Roger Rosentreter	Idaho	Owyhee	14.17	outside_boundary_exact	Oregon, Malheur County	42.520001,-117.199997	SRP-L-0002896	Five km up river from Three Forks on the Owyhee River.	https://lichenportal.org/portal/collections/individual/index.php?occid=1105966
STATE	100	SRP	1106123	SRP	Roger Rosentreter	Idaho	Boundary	1.17	outside_boundary_exact	Montana, Lincoln County	48.781899,-116.033302	SRP-L-0002702	Rocky Notch, north of Bonner's Ferry, Idaho. East of Highway 95, near the junction with Idaho Route 1.	https://lichenportal.org/portal/collections/individual/index.php?occid=1106123
STATE	100	SRP	1124989	SRP	Roger Rosentreter	Idaho	Blaine	423.42	outside_boundary_exact	Montana, Stillwater County	45.91,-109.139999	SRP-L-0000246	Just north of the junction of the north and south fors of Muldoon Creek, north of Carey.	https://lichenportal.org/portal/collections/individual/index.php?occid=1124989
STATE	100	SRP	1125172	SRP	Roger Rosentreter	Idaho	Lemhi	35.42	outside_boundary_exact	Montana, Beaverhead County	45.799999,-113.449997	SRP-L-0003414	Lemhi Pass, Montana Idaho border. 20 miles Southeast of Salmon, Idaho.	https://lichenportal.org/portal/collections/individual/index.php?occid=1125172
STATE	100	SRP	1125230	SRP	Roger Rosentreter	Idaho	Boundary	1.17	outside_boundary_exact	Montana, Lincoln County	48.781899,-116.033302	SRP-L-0003546	Rocky Notch, north of Bonner's Ferry, Idaho. East of Highway 95, near the junction with Idaho Route 1.	https://lichenportal.org/portal/collections/individual/index.php?occid=1125230
STATE	100	SRP	1126052	SRP	Roger Rosentreter	Idaho	Lemhi	35.42	outside_boundary_exact	Montana, Beaverhead County	45.799999,-113.449997	SRP-L-0002594	Lemhi Pass, Montana Idaho border. 20 miles Southeast of Salmon, Idaho.	https://lichenportal.org/portal/collections/individual/index.php?occid=1126052
STATE	100	SRP	1128659	SRP	Roger Rosentreter	Idaho	Lemhi	35.42	outside_boundary_exact	Montana, Beaverhead County	45.799999,-113.449997	SRP-L-0006391	Lemhi Pass, Montana Idaho border. 20 miles Southeast of Salmon, Idaho.	https://lichenportal.org/portal/collections/individual/index.php?occid=1128659
STATE	100	SRP	1128865	SRP	Roger Rosentreter	Idaho	Idaho	7.28	outside_boundary_exact	Oregon, Wallowa County	45.75,-116.75	SRP-L-0004764	NA	https://lichenportal.org/portal/collections/individual/index.php?occid=1128865
STATE	100	SRP	1129084	SRP	Roger Rosentreter	Idaho	Boundary	1.17	outside_boundary_exact	Montana, Lincoln County	48.781899,-116.033302	SRP-L-0004545	Rocky Notch, north of Bonner's Ferry, Idaho. East of Highway 95, near the junction with Idaho Route 1.	https://lichenportal.org/portal/collections/individual/index.php?occid=1129084
STATE	100	SRP	1129719	SRP	Roger Rosentreter	Idaho	Boundary	1.17	outside_boundary_exact	Montana, Lincoln County	48.781899,-116.033302	SRP-L-0003902	Rocky Notch, north of Bonner's Ferry, Idaho. East of Highway 95, near the junction with Idaho Route 1.	https://lichenportal.org/portal/collections/individual/index.php?occid=1129719
STATE	100	SRP	1130015	SRP	Roger Rosentreter	Idaho	Cassia	425.16	outside_boundary_exact	Utah, Grand County	39.400002,-109.300003	SRP-L-0000937	City of Rocks National Monument.	https://lichenportal.org/portal/collections/individual/index.php?occid=1130015
STATE	100	SRP	1130339	SRP	Roger Rosentreter	Idaho	Owyhee	14.17	outside_boundary_exact	Oregon, Malheur County	42.520001,-117.199997	SRP-L-0000574	Five km up river from Three Forks on the Owyhee River.	https://lichenportal.org/portal/collections/individual/index.php?occid=1130339
STATE	100	SRP	1130340	SRP	Roger Rosentreter	Idaho	Owyhee	14.17	outside_boundary_exact	Oregon, Malheur County	42.520001,-117.199997	SRP-L-0000573	Five km up river from Three Forks on the Owyhee River.	https://lichenportal.org/portal/collections/individual/index.php?occid=1130340
STATE	100	SRP	1134460	SRP	Roger Rosentreter	Idaho	Lemhi	35.42	outside_boundary_exact	Montana, Beaverhead County	45.799999,-113.449997	SRP-L-0004880	Lemhi Pass, Montana Idaho border. 20 miles Southeast of Salmon, Idaho.	https://lichenportal.org/portal/collections/individual/index.php?occid=1134460
STATE	100	SRP	1134610	SRP	Roger Rosentreter	Idaho	Lemhi	35.42	outside_boundary_exact	Montana, Beaverhead County	45.799999,-113.449997	SRP-L-0004946	Lemhi Pass, Montana Idaho border. 20 miles Southeast of Salmon, Idaho.	https://lichenportal.org/portal/collections/individual/index.php?occid=1134610
STATE	100	SRP	1203765	SRP	Roger Rosentreter	Idaho	Boundary	1.17	outside_boundary_exact	Montana, Lincoln County	48.781899,-116.033302	SRP-L-0005545	Rocky Notch, north of Bonner's Ferry, Idaho. East of Highway 95, near the junction with Idaho Route 1.	https://lichenportal.org/portal/collections/individual/index.php?occid=1203765
STATE	100	SRP	1203885	SRP	Roger Rosentreter	Idaho	Boundary	1.17	outside_boundary_exact	Montana, Lincoln County	48.781899,-116.033302	SRP-L-0005425	Rocky Notch, north of Bonner's Ferry, Idaho. East of Highway 95, near the junction with Idaho Route 1.	https://lichenportal.org/portal/collections/individual/index.php?occid=1203885
STATE	100	SRP	1209485	SRP	K. Dillman	Idaho	Cassia	425.16	outside_boundary_exact	Utah, Grand County	39.400002,-109.300003	SRP-L-0007086	City of Rocks National Monument.	https://lichenportal.org/portal/collections/individual/index.php?occid=1209485
STATE	100	SRP	1212172	SRP	Roger Rosentreter	Idaho	Owyhee	14.17	outside_boundary_exact	Oregon, Malheur County	42.520001,-117.199997	SRP-L-0007516	Five km up river from Three Forks on the Owyhee River.	https://lichenportal.org/portal/collections/individual/index.php?occid=1212172
STATE	100	SRP	1443739	SRP	Roger Rosentreter	Idaho	Lemhi	35.42	outside_boundary_exact	Montana, Beaverhead County	45.799999,-113.449997	SRP-L-0008804	Lemhi Pass, Montana Idaho border. 20 miles Southeast of Salmon, Idaho.	https://lichenportal.org/portal/collections/individual/index.php?occid=1443739
STATE	100	SRP	1444042	SRP	Roger Rosentreter	Idaho	Owyhee	14.17	outside_boundary_exact	Oregon, Malheur County	42.520001,-117.199997	SRP-L-0007869	Five km up river from Three Forks on the Owyhee River.	https://lichenportal.org/portal/collections/individual/index.php?occid=1444042
STATE	100	SRP	1444405	SRP	Roger Rosentreter	Idaho	Boundary	1.17	outside_boundary_exact	Montana, Lincoln County	48.781899,-116.033302	SRP-L-0008238	Rocky Notch, north of Bonner's Ferry, Idaho. East of Highway 95, near the junction with Idaho Route 1.	https://lichenportal.org/portal/collections/individual/index.php?occid=1444405
STATE	100	SRP	1444554	SRP	L. St Clair	Idaho	Adams	2.59	outside_boundary_exact	Oregon, Baker County	44.93,-116.870003	SRP-L-0008387	Near Sheep Mountain W of Council, Idaho.	https://lichenportal.org/portal/collections/individual/index.php?occid=1444554
STATE	100	SRP	1444673	SRP	B. D. Ryan	Idaho	Twin Falls	942.13	outside_boundary_exact	California, Los Angeles County	34.05,-118.6	SRP-L-0008551	East side of U.S. Hwy. 30, 6.8 km South of Bliss	https://lichenportal.org/portal/collections/individual/index.php?occid=1444673
STATE	100	SRP	1444747	SRP	Roger Rosentreter	Idaho	Lemhi	35.42	outside_boundary_exact	Montana, Beaverhead County	45.799999,-113.449997	SRP-L-0008598	Lemhi Pass, Montana Idaho border. 20 miles Southeast of Salmon, Idaho.	https://lichenportal.org/portal/collections/individual/index.php?occid=1444747
STATE	100	SRP	1444757	SRP	A. Debolt	Idaho	Owyhee	2.68	outside_boundary_exact	Oregon, Malheur County	43.32,-117.06	SRP-L-0008608	Northwest of McBride Creek and approximately 25 miles SW of Marsing.	https://lichenportal.org/portal/collections/individual/index.php?occid=1444757
STATE	100	SRP	1445223	SRP	Roger Rosentreter	Idaho	Owyhee	14.17	outside_boundary_exact	Oregon, Malheur County	42.520001,-117.199997	SRP-L-0001776	Five km up river from Three Forks on the Owyhee River.	https://lichenportal.org/portal/collections/individual/index.php?occid=1445223
STATE	100	SRP	1445502	SRP	A. Pipp	Idaho	Idaho	23.45	outside_boundary_exact	Montana, Missoula County	46.666667,-114.016667	SRP-L-0001974	Forest stand # 635-08-011	https://lichenportal.org/portal/collections/individual/index.php?occid=1445502
STATE	100	SRP	1446473	SRP	A. DeBolt	Idaho	Owyhee	1.75	outside_boundary_exact	Oregon, Malheur County	43.1623,-117.048439	SRP-L-0009648	Badlands habitat. Southwest of Marsing, ID.	https://lichenportal.org/portal/collections/individual/index.php?occid=1446473
STATE	100	SRP	1446676	SRP	R. Rosentreter	Idaho	Lemhi	35.42	outside_boundary_exact	Montana, Beaverhead County	45.8,-113.45	SRP-L-0009853	Lemhi Pass, Idaho-Montana border; 20 miles SE of Salmon, Idaho	https://lichenportal.org/portal/collections/individual/index.php?occid=1446676
STATE	100	SRP	1446872	SRP	Roger Rosentreter	Idaho	Lemhi	35.42	outside_boundary_exact	Montana, Beaverhead County	45.799999,-113.449997	SRP-L-0010532	Lemhi Pass, Montana Idaho border. 20 miles Southeast of Salmon, Idaho.	https://lichenportal.org/portal/collections/individual/index.php?occid=1446872
STATE	100	SRP	1446873	SRP	Roger Rosentreter	Idaho	Lemhi	35.42	outside_boundary_exact	Montana, Beaverhead County	45.799999,-113.449997	SRP-L-0010533	Lemhi Pass, Montana Idaho border. 20 miles Southeast of Salmon, Idaho.	https://lichenportal.org/portal/collections/individual/index.php?occid=1446873
STATE	100	SRP	1447347	SRP	A. DeBolt	Idaho	Owyhee	1.75	outside_boundary_exact	Oregon, Malheur County	43.1623,-117.048439	SRP-L-0011327	Badlands habitat. Southwest of Marsing, ID.	https://lichenportal.org/portal/collections/individual/index.php?occid=1447347
STATE	100	SRP	1447472	SRP	Roger Rosentreter	Idaho	Owyhee	14.17	outside_boundary_exact	Oregon, Malheur County	42.520001,-117.199997	SRP-L-0011484	Five km up river from Three Forks on the Owyhee River.	https://lichenportal.org/portal/collections/individual/index.php?occid=1447472
STATE	100	SRP	1447547	SRP	Roger Rosentreter	Idaho	Lemhi	35.42	outside_boundary_exact	Montana, Beaverhead County	45.799999,-113.449997	SRP-L-0011560	Lemhi Pass, Montana Idaho border. 20 miles Southeast of Salmon, Idaho.	https://lichenportal.org/portal/collections/individual/index.php?occid=1447547
STATE	100	SRP	1577036	SRP	Roger Rosentreter	Idaho	Boundary	1.17	outside_boundary_exact	Montana, Lincoln County	48.781899,-116.033302	SRP-L-0010455	Rocky Notch, north of Bonner's Ferry, Idaho. East of Highway 95, near the junction with Idaho Route 1.	https://lichenportal.org/portal/collections/individual/index.php?occid=1577036
STATE	100	SRP	1577619	SRP	A. DeBolt	Idaho	Owyhee	1.75	outside_boundary_exact	Oregon, Malheur County	43.1623,-117.048439	SRP-L-0011129	Badlands habitat. Southwest of Marsing, ID.	https://lichenportal.org/portal/collections/individual/index.php?occid=1577619
STATE	100	SRP	3353026	SRP	T. L. Esslinger	Idaho	Kootenai	167.99	outside_boundary_exact	Oregon, Wallowa County	45.85,-116.866667	NA	Near the S end of Lower Twin Lake.	https://lichenportal.org/portal/collections/individual/index.php?occid=3353026
STATE	100	UCR(temp)	2592297	UCR(temp)	T.L. Esslinger	Idaho	Kootenai	167.99	outside_boundary_exact	Oregon, Wallowa County	45.85,-116.866667	SBBG014676L	Near the S end of Lower Twin Lake	https://lichenportal.org/portal/collections/individual/index.php?occid=2592297
STATE	100	US	2801848	US	T. L. Esslinger	Idaho	Kootenai	167.99	outside_boundary_exact	Oregon, Wallowa County	45.85,-116.87	NA	Near the S end of Lower Twin Lake in a Douglas forest on E slope.	https://lichenportal.org/portal/collections/individual/index.php?occid=2801848
STATE	100	WIS	1024533	WIS	W.B. Cooke	Idaho	Latah	0.62	outside_boundary_exact	Washington, Whitman County	46.7948,-117.0479	WIS-L-0022349	West end of Thatuna Ridge, one-half mile west of US 95	https://lichenportal.org/portal/collections/individual/index.php?occid=1024533
STATE	100	WIS	1057399	WIS	Doyle E Anderegg	Idaho	Lemhi	0.59	outside_boundary_exact	Montana, Beaverhead County	45.7,-113.933333	WIS-L-0030330	NA	https://lichenportal.org/portal/collections/individual/index.php?occid=1057399
STATE	100	WIS	1062691	WIS	Doyle E Anderegg	Idaho	Lemhi	0.59	outside_boundary_exact	Montana, Beaverhead County	45.7,-113.933333	WIS-L-0031996	NA	https://lichenportal.org/portal/collections/individual/index.php?occid=1062691
STATE	100	WIS	1062737	WIS	Richard J. Naskali	Idaho	Lemhi	0.74	outside_boundary_exact	Montana, Ravalli County	45.7,-113.95	WIS-L-0032042	Lost Trail Pass area southwest of US 93 in Salmon National Forest	https://lichenportal.org/portal/collections/individual/index.php?occid=1062737
STATE	100	WIS	1063236	WIS	W. B Cooke	Idaho	Latah	0.62	outside_boundary_exact	Washington, Whitman County	46.7948,-117.0479	WIS-L-0032541	West end of Thatuna Ridge, one-half mile west of U.S. 95	https://lichenportal.org/portal/collections/individual/index.php?occid=1063236
STATE	100	WIS	1063237	WIS	W. B Cooke	Idaho	Latah	0.62	outside_boundary_exact	Washington, Whitman County	46.7948,-117.0479	WIS-L-0032542	west end of Thatuna Ridge, one-half mile west of US 95	https://lichenportal.org/portal/collections/individual/index.php?occid=1063237
STATE	100	WIS	1063746	WIS	Doyle E. Anderegg	Idaho	Idaho	4.54	outside_boundary_exact	Montana, Missoula County	46.683333,-114.583333	WIS-L-0033050	NA	https://lichenportal.org/portal/collections/individual/index.php?occid=1063746
STATE	100	WIS	1089519	WIS	W. B. Cooke	Idaho	Latah	0.62	outside_boundary_exact	Washington, Whitman County	46.7948,-117.0479	WIS-L-0039720	west end of Thatuna Ridge, one half-mile west of US 95	https://lichenportal.org/portal/collections/individual/index.php?occid=1089519
STATE	100	WIS	1089596	WIS	W. B Cooke	Idaho	Latah	0.62	outside_boundary_exact	Washington, Whitman County	46.7948,-117.0479	WIS-L-0039797	West end of Thatuna Ridge, one-half mile west of U.S. 95	https://lichenportal.org/portal/collections/individual/index.php?occid=1089596
STATE	100	WIS	1122991	WIS	D.E. Madden	Idaho	Bonner	1.63	outside_boundary_exact	Washington, Pend Oreille County	48.488126,-117.057219	WIS-L-0048662	Squaw Valley Road, Priest Lake area	https://lichenportal.org/portal/collections/individual/index.php?occid=1122991
STATE	100	WIS	1125656	WIS	W.B. Cooke	Idaho	Latah	0.62	outside_boundary_exact	Washington, Whitman County	46.7948,-117.0479	WIS-L-0050701	West end of Thatuna Ridge, one-half mile west of U.S. 95	https://lichenportal.org/portal/collections/individual/index.php?occid=1125656
STATE	100	WIS	1125657	WIS	W.B. Cooke	Idaho	Latah	0.62	outside_boundary_exact	Washington, Whitman County	46.7948,-117.0479	WIS-L-0050702	West end of Thatuna Ridge, one-half mile west of U.S. 95	https://lichenportal.org/portal/collections/individual/index.php?occid=1125657
STATE	100	WIS	1126964	WIS	W. B Cooke	Idaho	Latah	0.62	outside_boundary_exact	Washington, Whitman County	46.7948,-117.0479	WIS-L-0051458	west end of Thatuna Ridge, one-half mile west of US 95	https://lichenportal.org/portal/collections/individual/index.php?occid=1126964
STATE	100	WIS	1126965	WIS	W. B Cooke	Idaho	Latah	0.62	outside_boundary_exact	Washington, Whitman County	46.7948,-117.0479	WIS-L-0051459	West end of Thatuna Ridge, one-half mile west of U.S. 95	https://lichenportal.org/portal/collections/individual/index.php?occid=1126965
STATE	100	WIS	1127732	WIS	W. B Cooke	Idaho	Latah	0.62	outside_boundary_exact	Washington, Whitman County	46.7948,-117.0479	WIS-L-0051701	West end of Thatuna Ridge, one-half mile west of U.S. 95	https://lichenportal.org/portal/collections/individual/index.php?occid=1127732
STATE	100	WIS	1212709	WIS	W. B Cooke	Idaho	Latah	0.62	outside_boundary_exact	Washington, Whitman County	46.7948,-117.0479	WIS-L-0057424	West end of Thatuna Ridge, one-half mile west of U.S. 95	https://lichenportal.org/portal/collections/individual/index.php?occid=1212709
STATE	100	WIS	1212710	WIS	W. B Cooke	Idaho	Latah	0.62	outside_boundary_exact	Washington, Whitman County	46.7948,-117.0479	WIS-L-0057425	west end of Thatuna Ridge, one-half mile west of US 95	https://lichenportal.org/portal/collections/individual/index.php?occid=1212710
STATE	100	WIS	1212714	WIS	W.B. Cooke	Idaho	Latah	0.62	outside_boundary_exact	Washington, Whitman County	46.7948,-117.0479	WIS-L-0057429	West end of Thatuna Ridge, one-half mile west of U.S. 95	https://lichenportal.org/portal/collections/individual/index.php?occid=1212714
STATE	100	WIS	1212715	WIS	W. B Cooke	Idaho	Latah	0.62	outside_boundary_exact	Washington, Whitman County	46.7948,-117.0479	WIS-L-0057430	West end of Thatuna Ridge, one-half mile west of U.S. 95	https://lichenportal.org/portal/collections/individual/index.php?occid=1212715
STATE	100	WIS	1214252	WIS	Theodore L Esslinger	Idaho	Bonner	17.39	outside_boundary_exact	Montana, Lincoln County	48.35,-115.816667	WIS-L-0060803	In the Priest River Experimental Forest	https://lichenportal.org/portal/collections/individual/index.php?occid=1214252
STATE	100	WIS	1215072	WIS	W.B. Cooke	Idaho	Latah	0.62	outside_boundary_exact	Washington, Whitman County	46.7948,-117.0479	WIS-L-0060127	West end of Thatuna Ridge, one-half mile west of U.S. 95	https://lichenportal.org/portal/collections/individual/index.php?occid=1215072
STATE	100	WIS	1224563	WIS	W.B. Cooke	Idaho	Latah	0.62	outside_boundary_exact	Washington, Whitman County	46.7948,-117.0479	WIS-L-0059299	West end of Thatuna Ridge, one-half mile west of U.S. 95	https://lichenportal.org/portal/collections/individual/index.php?occid=1224563
STATE	100	WIS	1224571	WIS	W. B Cooke	Idaho	Latah	0.62	outside_boundary_exact	Washington, Whitman County	46.7948,-117.0479	WIS-L-0059307	west end of Thatuna Ridge, one half-mile west of US 95	https://lichenportal.org/portal/collections/individual/index.php?occid=1224571
STATE	100	WIS	1244445	WIS	W.B. Cooke	Idaho	Latah	0.62	outside_boundary_exact	Washington, Whitman County	46.7948,-117.0479	WIS-L-0064816	West end of Thatuna Ridge, one-half mile west of U.S. 95	https://lichenportal.org/portal/collections/individual/index.php?occid=1244445
STATE	100	WIS	1287636	WIS	T.L. Esslinger	Idaho	Kootenai	167.99	outside_boundary_exact	Oregon, Wallowa County	45.85,-116.866667	WIS-L-0067795	Near the south end of Lower Twin Lake	https://lichenportal.org/portal/collections/individual/index.php?occid=1287636
STATE	100	WIS	1345569	WIS	W. B Cooke	Idaho	Latah	0.62	outside_boundary_exact	Washington, Whitman County	46.7948,-117.0479	WIS-L-0079951	West end of Thatuna Ridge, one-half mile west of U.S. 95	https://lichenportal.org/portal/collections/individual/index.php?occid=1345569
STATE	100	WIS	1345570	WIS	Roger Rosentreter	Idaho	Idaho	333.61	outside_boundary_exact	Wyoming, Teton County	43.785499,-110.960498	WIS-L-0079952	beside the road to Grand Targhee Ski Area, about 3 miles NE of Driggs	https://lichenportal.org/portal/collections/individual/index.php?occid=1345570
STATE	100	WIS	1345573	WIS	W.B. Cooke	Idaho	Latah	0.62	outside_boundary_exact	Washington, Whitman County	46.7948,-117.0479	WIS-L-0079955	West end of Thatuna Ridge, one-half mile west of U.S. 95	https://lichenportal.org/portal/collections/individual/index.php?occid=1345573
STATE	100	WIS	1345574	WIS	W. B. Cooke	Idaho	Latah	0.62	outside_boundary_exact	Washington, Whitman County	46.7948,-117.0479	WIS-L-0079956	West end of Thatuna Ridge, one-half mile west of U S. 95	https://lichenportal.org/portal/collections/individual/index.php?occid=1345574
STATE	100	WIS	1355853	WIS	W.B. Cooke	Idaho	Latah	0.62	outside_boundary_exact	Washington, Whitman County	46.7948,-117.0479	WIS-L-0082283	West end of Thatuna Ridge, one-half mile west of U.S. 95	https://lichenportal.org/portal/collections/individual/index.php?occid=1355853
STATE	100	WIS	1355854	WIS	W. B Cooke	Idaho	Latah	0.62	outside_boundary_exact	Washington, Whitman County	46.7948,-117.0479	WIS-L-0082284	west end of Thatuna Ridge, one-half mile west of US 95	https://lichenportal.org/portal/collections/individual/index.php?occid=1355854
STATE	100	WIS	1355857	WIS	W. B Cooke	Idaho	Latah	0.62	outside_boundary_exact	Washington, Whitman County	46.7948,-117.0479	WIS-L-0082287	west end of Thatuna Ridge, one-half mile west of US 95	https://lichenportal.org/portal/collections/individual/index.php?occid=1355857
STATE	100	WIS	1358440	WIS	Roger Rosentreter	Idaho	Teton	6.71	outside_boundary_exact	Wyoming, Teton County	43.780542,-110.962902	WIS-L-0082602	Along a creek beside the road to Grand Targhee Ski Area, about 3 miles NE of Driggs	https://lichenportal.org/portal/collections/individual/index.php?occid=1358440
STATE	100	WIS	1359696	WIS	W. B Cooke	Idaho	Latah	0.62	outside_boundary_exact	Washington, Whitman County	46.7948,-117.0479	WIS-L-0090996	west end of Thatuna Ridge, one-half mile west of US 95	https://lichenportal.org/portal/collections/individual/index.php?occid=1359696
STATE	100	WIS	1371089	WIS	W. B Cooke	Idaho	Latah	0.62	outside_boundary_exact	Washington, Whitman County	46.7948,-117.0479	WIS-L-0095699	West end of Thatuna Ridge, one-half mile west of U.S. 95	https://lichenportal.org/portal/collections/individual/index.php?occid=1371089
STATE	100	WIS	1379382	WIS	W.B. Cooke	Idaho	Latah	0.62	outside_boundary_exact	Washington, Whitman County	46.7948,-117.0479	WIS-L-0100186	West end of Thatuna Ridge, one-half mile west of U.S. 95	https://lichenportal.org/portal/collections/individual/index.php?occid=1379382
STATE	100	WIS	1379507	WIS	W.B. Cooke	Idaho	Latah	0.62	outside_boundary_exact	Washington, Whitman County	46.7948,-117.0479	WIS-L-0100311	West end of Thatuna Ridge, one-half mile west of U.S. 95	https://lichenportal.org/portal/collections/individual/index.php?occid=1379507
STATE	100	WIS	1379516	WIS	W. B. Cooke	Idaho	Latah	0.62	outside_boundary_exact	Washington, Whitman County	46.7948,-117.0479	WIS-L-0100320	west end of Thatuna Ridge, one half-mile west of US 95	https://lichenportal.org/portal/collections/individual/index.php?occid=1379516
STATE	100	WIS	1390974	WIS	Roger Rosentreter	Idaho	Lemhi	35.42	outside_boundary_exact	Montana, Beaverhead County	45.8,-113.45	WIS-L-0103800	Lemhi Pass, Idaho-Montana border, 20 miles SE of Salmon, Idaho.	https://lichenportal.org/portal/collections/individual/index.php?occid=1390974
STATE	100	WS	5339168	WS	Doyle E. Anderegg	Idaho	Lemhi	18.36	outside_boundary_exact	Montana, Ravalli County	45.86666667,-113.9333333	209291	NA	https://lichenportal.org/portal/collections/individual/index.php?occid=5339168
STATE	100	WS	5339945	WS	Doyle E. Anderegg	Idaho	Lemhi	0.59	outside_boundary_exact	Montana, Beaverhead County	45.7,-113.9333333	347148	NA	https://lichenportal.org/portal/collections/individual/index.php?occid=5339945
STATE	100	WTU	1266285	WTU	J. Hutchinson, Erin Martin	Idaho	Idaho	259.17	outside_boundary_exact	Montana, Lincoln County	48.832245,-115.94936	WTU-L-020854	South Fork of the Clearwater River, off Highway 14 at the South Fork Campground.	https://lichenportal.org/portal/collections/individual/index.php?occid=1266285
