error_type	priority	herbarium	id	recordedBy	state	county	distance_km	status	implied_location	coordinates	catalogNumber	locality	record_link
COUNTY	10	KANU	5614078	William C Barbour	Pennsylvania	Mercer	860.06	outside_boundary_exact	Pennsylvania, Mercer County	41.157838,-80.08867	8016	Grove City	https://lichenportal.org/portal/collections/individual/index.php?occid=5614078
COUNTY	10	KANU	5614212	William C Barbour	Pennsylvania	Mercer	860.06	outside_boundary_exact	Pennsylvania, Mercer County	41.157838,-80.08867	8222	Grove City	https://lichenportal.org/portal/collections/individual/index.php?occid=5614212
COUNTY	10	KANU	5614286	William C Barbour	Pennsylvania	Mercer	860.06	outside_boundary_exact	Pennsylvania, Mercer County	41.157838,-80.08867	8421	Grove City	https://lichenportal.org/portal/collections/individual/index.php?occid=5614286
COUNTY	10	KANU	5614292	William C Barbour	Pennsylvania	Mercer	860.06	outside_boundary_exact	Pennsylvania, Mercer County	41.157838,-80.08867	8412	Grove City	https://lichenportal.org/portal/collections/individual/index.php?occid=5614292
COUNTY	10	PH	1091687	Kunsman, J.R.	Pennsylvania	Tioga	98.47	outside_boundary_exact	Pennsylvania, Luzerne County	41,-76	PH00046908	Tioga State Forest, ca. 1.33 air miles N by NE of the crossroads of Fall Brook	https://lichenportal.org/portal/collections/individual/index.php?occid=1091687
COUNTY	10	PH	1091653	Kunsman, J.R.	Pennsylvania	Mifflin	75.45	outside_boundary_exact	Pennsylvania, York County	40,-77	PH00046873	Panther Run, Bald Eagle State Forest	https://lichenportal.org/portal/collections/individual/index.php?occid=1091653
COUNTY	10	PH	1091656	Kunsman, J.R.	Pennsylvania	Mifflin	75.45	outside_boundary_exact	Pennsylvania, York County	40,-77	PH00046876	Panther Run, Bald Eage State Forest	https://lichenportal.org/portal/collections/individual/index.php?occid=1091656
COUNTY	10	PH	1091688	Kunsman, J.R.	Pennsylvania	Mifflin	75.45	outside_boundary_exact	Pennsylvania, York County	40,-77	PH00046909	North side of Treaster Run, just south of junction of Strong Improvement Road & Treaster Valley Road, Bald Eagle State Forest	https://lichenportal.org/portal/collections/individual/index.php?occid=1091688
COUNTY	10	PH	1091717	Kunsman, J.R.	Pennsylvania	Mifflin	75.45	outside_boundary_exact	Pennsylvania, York County	40,-77	PH00046940	Just southeast of the village of Honey Creek	https://lichenportal.org/portal/collections/individual/index.php?occid=1091717
COUNTY	10	PH	1091683	Kunsman, J.R.	Pennsylvania	Snyder	71.22	outside_boundary_exact	Pennsylvania, York County	40,-77	PH00046904	South slope of Shade Mountain, ca. 3.88 air miles N by slightly NE of McAlisterville	https://lichenportal.org/portal/collections/individual/index.php?occid=1091683
COUNTY	10	PH	1091743	Kunsman, J.R.	Pennsylvania	Bradford	63.3	outside_boundary_exact	Pennsylvania, Luzerne County	41,-76	PH00046966	State Game Lands #36, ca. 1.9 air miles SE of the crossroads of Long Valley	https://lichenportal.org/portal/collections/individual/index.php?occid=1091743
COUNTY	10	PH	1091766	Kunsman, J.R.	Pennsylvania	Bradford	63.3	outside_boundary_exact	Pennsylvania, Luzerne County	41,-76	PH00046990	State Game Lands, #12, Wolf Swamp, ca. 4.8 air miles NE by E of Wheelerville	https://lichenportal.org/portal/collections/individual/index.php?occid=1091766
COUNTY	10	PH	1091723	Kunsman, J.	Pennsylvania	Schuylkill	61.65	outside_boundary_exact	Pennsylvania, Lancaster County	40,-76	PH00046946	Swatara State Park, ca. 0.45 air mile SE by slightly S of Suedberg	https://lichenportal.org/portal/collections/individual/index.php?occid=1091723
COUNTY	10	PH	1091783	Kunsman, J.R.	Pennsylvania	Schuylkill	61.65	outside_boundary_exact	Pennsylvania, Lancaster County	40,-76	PH00047086	State Game Lands #229, ca. 1.3 air miles E by slightly SE of Tremont	https://lichenportal.org/portal/collections/individual/index.php?occid=1091783
COUNTY	10	PH	1091707	Kunsman, J.	Pennsylvania	Juniata	61.59	outside_boundary_exact	Pennsylvania, York County	40,-77	PH00046929	East Licking Creek, just upstream of Clearview Reservoir, ca. 1.52 air miles WSW of Martins Crossroad	https://lichenportal.org/portal/collections/individual/index.php?occid=1091707
COUNTY	10	PH	1091718	Kunsman, J.	Pennsylvania	Juniata	61.59	outside_boundary_exact	Pennsylvania, York County	40,-77	PH00046941	Ca. 1.47 air miles SW of East Waterford	https://lichenportal.org/portal/collections/individual/index.php?occid=1091718
COUNTY	10	PH	1091637	Kunsman, J.	Pennsylvania	Tioga	61.55	outside_boundary_exact	Pennsylvania, Union County	41,-77	PH00046857	Tioga State Forest, ca. 1.71 air miles WEW of Arnot	https://lichenportal.org/portal/collections/individual/index.php?occid=1091637
COUNTY	10	PH	1091638	Kunsman, J.	Pennsylvania	Tioga	61.55	outside_boundary_exact	Pennsylvania, Union County	41,-77	PH00046858	Tioga State Forest, ca. 1.46 air miles NE of Arnot	https://lichenportal.org/portal/collections/individual/index.php?occid=1091638
COUNTY	10	PH	1091648	Gleason, R.	Pennsylvania	Tioga	61.55	outside_boundary_exact	Pennsylvania, Union County	41,-77	PH00046868	Cranberry Swamp, Middle Ridge, Tioga State Forest, ca. 4.74 air miles NW of Asaph	https://lichenportal.org/portal/collections/individual/index.php?occid=1091648
COUNTY	10	PH	1091651	Kunsman, J.R.	Pennsylvania	Tioga	61.55	outside_boundary_exact	Pennsylvania, Union County	41,-77	PH00046871	Colton Point State Park	https://lichenportal.org/portal/collections/individual/index.php?occid=1091651
COUNTY	10	PH	1091652	Kunsman, J.R.	Pennsylvania	Tioga	61.55	outside_boundary_exact	Pennsylvania, Union County	41,-77	PH00046872	Hills Creek State Park, ca. 2.87 air miles N by slightly NE of Whitneyville	https://lichenportal.org/portal/collections/individual/index.php?occid=1091652
COUNTY	10	PH	1091657	Kunsman, J.R.	Pennsylvania	Tioga	61.55	outside_boundary_exact	Pennsylvania, Union County	41,-77	PH00046877	Colton Point State Park	https://lichenportal.org/portal/collections/individual/index.php?occid=1091657
COUNTY	10	PH	1091658	Kunsman, J.R.	Pennsylvania	Tioga	61.55	outside_boundary_exact	Pennsylvania, Union County	41,-77	PH00046878	Hills Creek State Park, ca. 2.88 air miles N by slightly NE of Whitneyville	https://lichenportal.org/portal/collections/individual/index.php?occid=1091658
COUNTY	10	PH	1091668	Kunsman, J.R.	Pennsylvania	Tioga	61.55	outside_boundary_exact	Pennsylvania, Union County	41,-77	PH00046888	Colton Point State Park	https://lichenportal.org/portal/collections/individual/index.php?occid=1091668
COUNTY	10	PH	1091669	Kunsman, J.R.	Pennsylvania	Tioga	61.55	outside_boundary_exact	Pennsylvania, Union County	41,-77	PH00046889	Hills Creek State Park, ca. 3.0 air miles N of Whitneyville; on peninsula at north end of lake	https://lichenportal.org/portal/collections/individual/index.php?occid=1091669
COUNTY	10	PH	1091699	Kunsman, J.R.	Pennsylvania	Tioga	61.55	outside_boundary_exact	Pennsylvania, Union County	41,-77	PH00046921	Tioga State Forest, Pine Creen Gorge, ca. 1.75 air miles NW of the village of Tiadaghton	https://lichenportal.org/portal/collections/individual/index.php?occid=1091699
COUNTY	10	PH	1091700	Kunsman, J.R.	Pennsylvania	Tioga	61.55	outside_boundary_exact	Pennsylvania, Union County	41,-77	PH00046922	Tioga State Forest, ca. 3.4 air miles WSW of Arnot	https://lichenportal.org/portal/collections/individual/index.php?occid=1091700
COUNTY	10	PH	1091705	Kunsman, J.R.	Pennsylvania	Tioga	61.55	outside_boundary_exact	Pennsylvania, Union County	41,-77	PH00046927	Colton Point State Park	https://lichenportal.org/portal/collections/individual/index.php?occid=1091705
COUNTY	10	PH	1091715	Kunsman, J.R.	Pennsylvania	Tioga	61.55	outside_boundary_exact	Pennsylvania, Union County	41,-77	PH00046938	Tioga State Forest, ca. 1.66 air miles NNW of Arnot	https://lichenportal.org/portal/collections/individual/index.php?occid=1091715
COUNTY	10	PH	1091727	Kunsman, J.R.	Pennsylvania	Tioga	61.55	outside_boundary_exact	Pennsylvania, Union County	41,-77	PH00046950	Hills Creek State Park, ca. 2.88 air miles N by slightly NE of Whitneyville	https://lichenportal.org/portal/collections/individual/index.php?occid=1091727
COUNTY	10	PH	1091728	Kunsman, J.R.	Pennsylvania	Tioga	61.55	outside_boundary_exact	Pennsylvania, Union County	41,-77	PH00046951	Hills Creek State Park, ca. 3.0 air miles N of Whitneyville; on peninsula at north end of lake	https://lichenportal.org/portal/collections/individual/index.php?occid=1091728
COUNTY	10	PH	1091731	Kunsman, J.R.	Pennsylvania	Tioga	61.55	outside_boundary_exact	Pennsylvania, Union County	41,-77	PH00046954	Tioga State Forest, ca. 2.94 air miles SE by W of Arnot	https://lichenportal.org/portal/collections/individual/index.php?occid=1091731
COUNTY	10	PH	1091733	Kunsman, J.R.	Pennsylvania	Tioga	61.55	outside_boundary_exact	Pennsylvania, Union County	41,-77	PH00046956	Colton Point State Park	https://lichenportal.org/portal/collections/individual/index.php?occid=1091733
COUNTY	10	PH	1091753	Kunsman, J.R.	Pennsylvania	Tioga	61.55	outside_boundary_exact	Pennsylvania, Union County	41,-77	PH00046977	Colton Point State Park	https://lichenportal.org/portal/collections/individual/index.php?occid=1091753
COUNTY	10	PH	1091756	Kunsman, J.R.	Pennsylvania	Tioga	61.55	outside_boundary_exact	Pennsylvania, Union County	41,-77	PH00046980	Hills Creek State Park, ca. 3.0 air miles N of Whitneyville; on peninsula at north end of lake	https://lichenportal.org/portal/collections/individual/index.php?occid=1091756
COUNTY	10	PH	1091760	Kunsman, J.R.	Pennsylvania	Tioga	61.55	outside_boundary_exact	Pennsylvania, Union County	41,-77	PH00046984	Tioga State Forest, Pine Creek Gorge, ca. 1.77 air miles NW of the village of Tiadaghton	https://lichenportal.org/portal/collections/individual/index.php?occid=1091760
COUNTY	10	PH	1091765	Kunsman, J.R.	Pennsylvania	Tioga	61.55	outside_boundary_exact	Pennsylvania, Union County	41,-77	PH00046989	Tioga State Forest, ca. 0.9 air mile W by slightly NW of Arnot	https://lichenportal.org/portal/collections/individual/index.php?occid=1091765
COUNTY	10	PH	1091773	Kunsman, J.R.	Pennsylvania	Tioga	61.55	outside_boundary_exact	Pennsylvania, Union County	41,-77	PH00047076	Tioga State Forest, Pine Creek Gorge, ca. 1.79 air miles NW of the village of Tiadaghton	https://lichenportal.org/portal/collections/individual/index.php?occid=1091773
COUNTY	10	PH	1091775	Kunsman, J.R.	Pennsylvania	Tioga	61.55	outside_boundary_exact	Pennsylvania, Union County	41,-77	PH00047078	Colton Point State Park	https://lichenportal.org/portal/collections/individual/index.php?occid=1091775
COUNTY	10	PH	1091779	Kunsman, J.R.	Pennsylvania	Tioga	61.55	outside_boundary_exact	Pennsylvania, Union County	41,-77	PH00047082	Tioga State Forest, ca. 3.58 air miles WSW of Arnot	https://lichenportal.org/portal/collections/individual/index.php?occid=1091779
COUNTY	10	PH	1091782	Kunsman, J.R.	Pennsylvania	Tioga	61.55	outside_boundary_exact	Pennsylvania, Union County	41,-77	PH00047085	Tioga State Forest, Pine Creek Gorge, ca. 1.79 air miles NW of the village Tiadaghton	https://lichenportal.org/portal/collections/individual/index.php?occid=1091782
COUNTY	10	PH	1091787	Kunsman, J.R.	Pennsylvania	Tioga	61.55	outside_boundary_exact	Pennsylvania, Union County	41,-77	PH00047090	Colton Point State Park	https://lichenportal.org/portal/collections/individual/index.php?occid=1091787
COUNTY	10	PH	1091789	Kunsman, J.R.	Pennsylvania	Tioga	61.55	outside_boundary_exact	Pennsylvania, Union County	41,-77	PH00047092	Colton Point State Park	https://lichenportal.org/portal/collections/individual/index.php?occid=1091789
COUNTY	10	PH	1091790	Kunsman, J.R.	Pennsylvania	Tioga	61.55	outside_boundary_exact	Pennsylvania, Union County	41,-77	PH00047093	Tioga State Forest, ca. 2.26 air miles NE by W of Arnot	https://lichenportal.org/portal/collections/individual/index.php?occid=1091790
COUNTY	10	PH	1091793	Kunsman, J.R.	Pennsylvania	Tioga	61.55	outside_boundary_exact	Pennsylvania, Union County	41,-77	PH00047096	Ca. 5.64 air miles WNW of Arnot	https://lichenportal.org/portal/collections/individual/index.php?occid=1091793
COUNTY	10	PH	1091797	Kunsman, J.R.	Pennsylvania	Tioga	61.55	outside_boundary_exact	Pennsylvania, Union County	41,-77	PH00047100	Colton Point State Park	https://lichenportal.org/portal/collections/individual/index.php?occid=1091797
COUNTY	10	OS	1243336	E. D. Rudolph	Pennsylvania	Bucks	59.26	outside_boundary_exact	Pennsylvania, Pike County	41.118639,-75.007833	OS0001303	Bushkill Falls	https://lichenportal.org/portal/collections/individual/index.php?occid=1243336
COUNTY	10	OS	2407026	E. D. Rudolph	Pennsylvania	Bucks	59.26	outside_boundary_exact	Pennsylvania, Pike County	41.118639,-75.007833	OS0021920	Bushkill Falls	https://lichenportal.org/portal/collections/individual/index.php?occid=2407026
COUNTY	10	PH	1091646	Kunsman, J.R.	Pennsylvania	Dauphin	52.66	outside_boundary_exact	Pennsylvania, Lancaster County	40,-76	PH00046866	Lower north slope of Blerry Mountain, Weiser State Forest, ca. 1.35 air miles ESE of Williamstown	https://lichenportal.org/portal/collections/individual/index.php?occid=1091646
COUNTY	10	PH	1091654	Kunsman, J.R.	Pennsylvania	Dauphin	52.66	outside_boundary_exact	Pennsylvania, Lancaster County	40,-76	PH00046874	Between Peters Mt. and Stony Mt.; south side of PA Route 325, ca. 1.78 air miles SE by S of Carsonville	https://lichenportal.org/portal/collections/individual/index.php?occid=1091654
COUNTY	10	PH	1091661	Kunsman, J.R.	Pennsylvania	Dauphin	52.66	outside_boundary_exact	Pennsylvania, Lancaster County	40,-76	PH00046881	South side of PA Rt 325, property of the city of Harrisburg, ca. 4.93 air miles NE by E of the northern end of the spillway/dam brest of DeHart Dam	https://lichenportal.org/portal/collections/individual/index.php?occid=1091661
COUNTY	10	PH	1091674	Kunsman, J.R.	Pennsylvania	Dauphin	52.66	outside_boundary_exact	Pennsylvania, Lancaster County	40,-76	PH00046895	South side of PA Rt 325, property of the city of Harrisburg, ca. 4.93 air miles NE by E of the northern end of the spillway/dam brest of DeHart Dam	https://lichenportal.org/portal/collections/individual/index.php?occid=1091674
COUNTY	10	PH	1091695	Kunsman, J.R.	Pennsylvania	Dauphin	52.66	outside_boundary_exact	Pennsylvania, Lancaster County	40,-76	PH00046917	Property of the city of Harrisburg, DeHart Dam tract, north side of Rt 325, ca. 1.72 air miles SW of the junction of Gold Mine Road and Rt 325	https://lichenportal.org/portal/collections/individual/index.php?occid=1091695
COUNTY	10	PH	1091714	Kunsman, J.R.	Pennsylvania	Dauphin	52.66	outside_boundary_exact	Pennsylvania, Lancaster County	40,-76	PH00046937	Between Peters Mt. and Stony Mt.; ca. 0.13 air mile SW of the northern end of the spillway/brest of DeHart Dam	https://lichenportal.org/portal/collections/individual/index.php?occid=1091714
COUNTY	10	PH	1091745	Kunsman, J.R.	Pennsylvania	Dauphin	52.66	outside_boundary_exact	Pennsylvania, Lancaster County	40,-76	PH00046968	Between Peters Mt. and Stony Mt.; south side of PA Route 325, ca. 1.78 air miles SE by S of Carsonville	https://lichenportal.org/portal/collections/individual/index.php?occid=1091745
COUNTY	10	PH	1091750	Kunsman, J.R.	Pennsylvania	Dauphin	52.66	outside_boundary_exact	Pennsylvania, Lancaster County	40,-76	PH00046974	Property of the city of Harrisburg, north side of PA Rt 325, ca. 4.95 air miles NE by E of the northern end of the spillway/dam breast at DeHart Reservoir	https://lichenportal.org/portal/collections/individual/index.php?occid=1091750
COUNTY	10	PH	1091770	Kunsman, J.R.	Pennsylvania	Dauphin	52.66	outside_boundary_exact	Pennsylvania, Lancaster County	40,-76	PH00046997	Lower north slope of Berry Mountain, Weiser State Forest, ca. 1.35 air miles ESE of Williamstown	https://lichenportal.org/portal/collections/individual/index.php?occid=1091770
COUNTY	10	PH	1091771	Kunsman, J.R.	Pennsylvania	Dauphin	52.66	outside_boundary_exact	Pennsylvania, Lancaster County	40,-76	PH00047001	Lower north slope of Berry Mountain, Weiser State Forest, ca. 0.76 air mile SSE fo Williamstown	https://lichenportal.org/portal/collections/individual/index.php?occid=1091771
COUNTY	10	PH	1091794	Kunsman, J.R.	Pennsylvania	Dauphin	52.66	outside_boundary_exact	Pennsylvania, Lancaster County	40,-76	PH00047097	Weiser State Forest, lower north slope of Berry Mountain, ca. 1.35 air miles ESE of Williamstown	https://lichenportal.org/portal/collections/individual/index.php?occid=1091794
COUNTY	10	PH	1091796	Kunsman, J.R.	Pennsylvania	Dauphin	52.66	outside_boundary_exact	Pennsylvania, Lancaster County	40,-76	PH00047099	Property of the city of Harrisburg, north side of PA Rt 325, ca. 4.95 air miles NE by E of the northern end of the spillway/dam breast at DeHart Reservoir	https://lichenportal.org/portal/collections/individual/index.php?occid=1091796
COUNTY	10	PH	1091802	Kunsman, J.R.	Pennsylvania	Lycoming	48.39	outside_boundary_exact	Pennsylvania, Luzerne County	41,-76	PH00048223	Tiadaghton State Forest, ca. 2.22 air miles west-southwest of Ogdonia	https://lichenportal.org/portal/collections/individual/index.php?occid=1091802
COUNTY	10	PH	1091679	Kunsman, J.R.	Pennsylvania	Sullivan	43.28	outside_boundary_exact	Pennsylvania, Luzerne County	41,-76	PH00046900	State Game Lands #13, ca. 0.93 air mile N by very slightly NW of Jamison City	https://lichenportal.org/portal/collections/individual/index.php?occid=1091679
COUNTY	10	PH	1091702	Kunsman, J.R.	Pennsylvania	Sullivan	43.28	outside_boundary_exact	Pennsylvania, Luzerne County	41,-76	PH00046924	State Game Lands #66, ca. 1.5 air miles SW by S of McCarroll Corner	https://lichenportal.org/portal/collections/individual/index.php?occid=1091702
COUNTY	10	PH	1091762	Kunsman, J.R.	Pennsylvania	Sullivan	43.28	outside_boundary_exact	Pennsylvania, Luzerne County	41,-76	PH00046986	State Game Lands #13, ca. 0.78 air mile NW of the junction of Mt. Springs Rd. and PA Rt 487	https://lichenportal.org/portal/collections/individual/index.php?occid=1091762
COUNTY	10	PH	1091754	Kunsman, J.R.	Pennsylvania	Montour	43.2	outside_boundary_exact	Pennsylvania, Luzerne County	41,-76	PH00046978	PPL West Branch Preserve, ca. 1.15 air miles NNE of Exchange	https://lichenportal.org/portal/collections/individual/index.php?occid=1091754
COUNTY	10	PH	1091634	Kunsman, J.R.	Pennsylvania	Wyoming	43.01	outside_boundary_exact	Pennsylvania, Luzerne County	41,-76	PH00046838	State Game Lands #57, ca. 0.9 air mile NE of the junction of Mt Springs Rd and PA Rt 487	https://lichenportal.org/portal/collections/individual/index.php?occid=1091634
COUNTY	10	PH	1091641	Kunsman, J.R.	Pennsylvania	Wyoming	43.01	outside_boundary_exact	Pennsylvania, Luzerne County	41,-76	PH00046861	State Game Lands #57, ca. 0.97 air mile NE of the junction of Mt. Springs Rd. and PA Rt 487	https://lichenportal.org/portal/collections/individual/index.php?occid=1091641
COUNTY	10	PH	1091647	Kunsman, J.R.	Pennsylvania	Wyoming	43.01	outside_boundary_exact	Pennsylvania, Luzerne County	41,-76	PH00046867	State Game Lands #57, ca. 1.79 air miles E by very slightly SE of the junction of Mt. Springs Rd. and PA Route #487	https://lichenportal.org/portal/collections/individual/index.php?occid=1091647
COUNTY	10	PH	1091730	Kunsman, J.R.	Pennsylvania	Wyoming	43.01	outside_boundary_exact	Pennsylvania, Luzerne County	41,-76	PH00046953	State Game Lands #57, ca. 0.96 air mile NNE of the junction of Mt. Springs Rd and PA Rt 487	https://lichenportal.org/portal/collections/individual/index.php?occid=1091730
COUNTY	10	PH	1091761	Kunsman, J.R.	Pennsylvania	Wyoming	43.01	outside_boundary_exact	Pennsylvania, Luzerne County	41,-76	PH00046985	State Game Lands #57, ca. 1.81 air miles E by very slightly SE of the junction of Mt. Springs Rd and PA Route 487	https://lichenportal.org/portal/collections/individual/index.php?occid=1091761
COUNTY	10	PH	1091680	Kunsman, J.R.	Pennsylvania	Lebanon	37.33	outside_boundary_exact	Pennsylvania, Lancaster County	40,-76	PH00046901	Training Area C-4, Fort Indiantown Gap Military Reservation, ca. 4.74 air miles NW of Harper Tavern	https://lichenportal.org/portal/collections/individual/index.php?occid=1091680
COUNTY	10	PH	1091685	Kunsman, J.R.	Pennsylvania	Lebanon	37.33	outside_boundary_exact	Pennsylvania, Lancaster County	40,-76	PH00046906	Swatara State Park, ca. 0.51 air mile SE by S of the village of Twin Grove Park	https://lichenportal.org/portal/collections/individual/index.php?occid=1091685
COUNTY	10	PH	1091703	Kunsman, J.R.	Pennsylvania	Lebanon	37.33	outside_boundary_exact	Pennsylvania, Lancaster County	40,-76	PH00046925	Swatara State Park, ca. 0.58 air mile SE by E of the village of Twin Grove Park	https://lichenportal.org/portal/collections/individual/index.php?occid=1091703
COUNTY	10	PH	1091776	Kunsman, J.R.	Pennsylvania	Lebanon	37.33	outside_boundary_exact	Pennsylvania, Lancaster County	40,-76	PH00047079	Swatara State Park, ca. 0.52 air mile SE by S of the village of Twin Grove Park	https://lichenportal.org/portal/collections/individual/index.php?occid=1091776
COUNTY	10	PH	1091636	Kunsman, J.R.	Pennsylvania	Blair	36.48	outside_boundary_exact	Pennsylvania, Fulton County	40,-78	PH00046850	Ca. 1.5 air miles W by slightly NW of Puzzletown	https://lichenportal.org/portal/collections/individual/index.php?occid=1091636
COUNTY	10	PH	1091665	Kunsman, J.R.	Pennsylvania	York	34.18	outside_boundary_exact	Pennsylvania, Lancaster County	40,-76	PH00046885	Gifford Pinchot State Park, ca. 1.04 air miles NE by N of Rossville	https://lichenportal.org/portal/collections/individual/index.php?occid=1091665
COUNTY	10	PH	1091712	Kunsman, J.R.	Pennsylvania	York	34.18	outside_boundary_exact	Pennsylvania, Lancaster County	40,-76	PH00046934	State Game Lands #242, ca. 1.58 air miles SSE of Stevenstown	https://lichenportal.org/portal/collections/individual/index.php?occid=1091712
COUNTY	10	PH	1091722	Kunsman, J.	Pennsylvania	York	34.18	outside_boundary_exact	Pennsylvania, Lancaster County	40,-76	PH00046945	State Game Lands #242, ca. 1.58 air miles SSE of Stevenstown	https://lichenportal.org/portal/collections/individual/index.php?occid=1091722
COUNTY	10	PH	1091749	Kunsman, J.R.	Pennsylvania	York	34.18	outside_boundary_exact	Pennsylvania, Lancaster County	40,-76	PH00046973	Gifford Pinchot State Park, ca. 1.04 air miles NE by N of Rossville	https://lichenportal.org/portal/collections/individual/index.php?occid=1091749
COUNTY	10	PH	1091767	Kunsman, J.R.	Pennsylvania	York	34.18	outside_boundary_exact	Pennsylvania, Lancaster County	40,-76	PH00046991	Gifford Pinchot State Park, ca. 0.57 air mile WSW of Alpine	https://lichenportal.org/portal/collections/individual/index.php?occid=1091767
COUNTY	10	PH	1091800	Kunsman, J.R.	Pennsylvania	York	34.18	outside_boundary_exact	Pennsylvania, Lancaster County	40,-76	PH00048221	Gifford Pinchot State Park, ca. 1.04 air miles northeast by north of Rossville	https://lichenportal.org/portal/collections/individual/index.php?occid=1091800
COUNTY	10	ASU	709957	J. C. Lendemer	Pennsylvania	Lackawanna	31.64	outside_boundary_exact	Pennsylvania, Pike County	41.555,-75.075278	ASUL001700	Lackawanna State Park, S of Lackawanna Lake, Turkey Hill Trail, slopes above PA Route 407, 2.8 mi N of Waverly, North Abington Township.	https://lichenportal.org/portal/collections/individual/index.php?occid=709957
COUNTY	10	GAM	3044515	Robert J. Hill	Pennsylvania	Lancaster	30.29	outside_boundary_exact	Pennsylvania, Lebanon County	40.458333,-76.6675	GAM00026762	State Game Lands 211	https://lichenportal.org/portal/collections/individual/index.php?occid=3044515
COUNTY	10	WIS	1044171	F.S. Chapman	Pennsylvania	Pike	19.68	outside_boundary_exact	Pennsylvania, Monroe County	41.077437,-75.451553	WIS-L-0026049	Pocono Mts	https://lichenportal.org/portal/collections/individual/index.php?occid=1044171
COUNTY	10	ASU	49801	T.H. Nash III	Pennsylvania	Carbon	16.26	outside_boundary_exact	Pennsylvania, Schuylkill County	40.6666667,-75.95	ASUL009818	Dan's Pulpit along Blue Mountain Ridge, 32 km W of Palmerton	https://lichenportal.org/portal/collections/individual/index.php?occid=49801
COUNTY	10	WIS	1213581	John W. Thomson	Pennsylvania	Elk	14.4	outside_boundary_exact	Pennsylvania, Clearfield County	41.116667,-78.516667	WIS-L-0058243	Moshannon State Forest. Bog between 4 mile road and Crystal Spring road, 0.5 mi E of PA 153 and 1.5 mi N of I 80	https://lichenportal.org/portal/collections/individual/index.php?occid=1213581
COUNTY	10	PH	1091642	Kunsman, J.R.	Pennsylvania	Cumberland	13.69	outside_boundary_exact	Pennsylvania, York County	40,-77	PH00046862	Kings Gap Environmental Education Center, ca. 1.1 air miles SSE of the village of Montsera	https://lichenportal.org/portal/collections/individual/index.php?occid=1091642
COUNTY	10	PH	1091645	Kunsman, J.R.	Pennsylvania	Cumberland	13.69	outside_boundary_exact	Pennsylvania, York County	40,-77	PH00046865	Pine Grove Furnace State Park	https://lichenportal.org/portal/collections/individual/index.php?occid=1091645
COUNTY	10	PH	1091650	Kunsman, J.R.	Pennsylvania	Cumberland	13.69	outside_boundary_exact	Pennsylvania, York County	40,-77	PH00046870	Kings Gap Environmental Education Center, ca. 164 air miles SSE of the village of Montsera	https://lichenportal.org/portal/collections/individual/index.php?occid=1091650
COUNTY	10	PH	1091662	Kunsman, J.R.	Pennsylvania	Cumberland	13.69	outside_boundary_exact	Pennsylvania, York County	40,-77	PH00046882	Pine Grove Furnace State Park	https://lichenportal.org/portal/collections/individual/index.php?occid=1091662
COUNTY	10	PH	1091666	Kunsman, J.R.	Pennsylvania	Cumberland	13.69	outside_boundary_exact	Pennsylvania, York County	40,-77	PH00046886	Kings Gap Environmental Education Center, ca. 1.1 air miles SSE of the villeage of Montsera	https://lichenportal.org/portal/collections/individual/index.php?occid=1091666
COUNTY	10	PH	1091667	Kunsman, J.R.	Pennsylvania	Cumberland	13.69	outside_boundary_exact	Pennsylvania, York County	40,-77	PH00046887	Pine Grove Furnace State Park	https://lichenportal.org/portal/collections/individual/index.php?occid=1091667
COUNTY	10	PH	1091671	Kunsman, J.R.	Pennsylvania	Cumberland	13.69	outside_boundary_exact	Pennsylvania, York County	40,-77	PH00046892	Pine Grove Furnace State Park	https://lichenportal.org/portal/collections/individual/index.php?occid=1091671
COUNTY	10	PH	1091672	Kunsman, J.R.	Pennsylvania	Cumberland	13.69	outside_boundary_exact	Pennsylvania, York County	40,-77	PH00046893	Pine Grove Furnace State Park	https://lichenportal.org/portal/collections/individual/index.php?occid=1091672
COUNTY	10	PH	1091673	Kunsman, J.R.	Pennsylvania	Cumberland	13.69	outside_boundary_exact	Pennsylvania, York County	40,-77	PH00046894	Colonel Denning State Park	https://lichenportal.org/portal/collections/individual/index.php?occid=1091673
COUNTY	10	PH	1091675	Kunsman, J.R.	Pennsylvania	Cumberland	13.69	outside_boundary_exact	Pennsylvania, York County	40,-77	PH00046896	Pine Grove Furnace State Park	https://lichenportal.org/portal/collections/individual/index.php?occid=1091675
COUNTY	10	PH	1091676	Kunsman, J.R.	Pennsylvania	Cumberland	13.69	outside_boundary_exact	Pennsylvania, York County	40,-77	PH00046897	Pine Grove Furnace State Park	https://lichenportal.org/portal/collections/individual/index.php?occid=1091676
COUNTY	10	PH	1091681	Kunsman, J.R.	Pennsylvania	Cumberland	13.69	outside_boundary_exact	Pennsylvania, York County	40,-77	PH00046902	Kings Gap Environmental Education Center, ca. 1.92 air miles SE of the village of Montsera	https://lichenportal.org/portal/collections/individual/index.php?occid=1091681
COUNTY	10	PH	1091692	Kunsman, J.R.	Pennsylvania	Cumberland	13.69	outside_boundary_exact	Pennsylvania, York County	40,-77	PH00046913	Pine Grove Furnace State Park, ca. 0.74 air mile SW by W of Pine Grove Furnace	https://lichenportal.org/portal/collections/individual/index.php?occid=1091692
COUNTY	10	PH	1091694	Kunsman, J.R.	Pennsylvania	Cumberland	13.69	outside_boundary_exact	Pennsylvania, York County	40,-77	PH00046916	Kings Gap Environmental Education Center, ca. 1.26 air miles SW of the village of Montsera	https://lichenportal.org/portal/collections/individual/index.php?occid=1091694
COUNTY	10	PH	1091697	Kunsman, J.R.	Pennsylvania	Cumberland	13.69	outside_boundary_exact	Pennsylvania, York County	40,-77	PH00046919	Pine Grove Furnace State Park	https://lichenportal.org/portal/collections/individual/index.php?occid=1091697
COUNTY	10	PH	1091704	Kunsman, J.R.	Pennsylvania	Cumberland	13.69	outside_boundary_exact	Pennsylvania, York County	40,-77	PH00046926	Pine Grove Furnace State Park	https://lichenportal.org/portal/collections/individual/index.php?occid=1091704
COUNTY	10	PH	1091709	Kunsman, J.R.	Pennsylvania	Cumberland	13.69	outside_boundary_exact	Pennsylvania, York County	40,-77	PH00046931	Pine Grove Furnace State Park	https://lichenportal.org/portal/collections/individual/index.php?occid=1091709
COUNTY	10	PH	1091713	Kunsman, J.R.	Pennsylvania	Cumberland	13.69	outside_boundary_exact	Pennsylvania, York County	40,-77	PH00046936	East side of Maple Hollow Gap, King Gap Environmental Education Center, ca. 1.35 air miles ESE of the village of Montsera	https://lichenportal.org/portal/collections/individual/index.php?occid=1091713
COUNTY	10	PH	1091716	Kunsman, J.R.	Pennsylvania	Cumberland	13.69	outside_boundary_exact	Pennsylvania, York County	40,-77	PH00046939	Cave Hill Natural Preserve, north side of Carlisle	https://lichenportal.org/portal/collections/individual/index.php?occid=1091716
COUNTY	10	PH	1091736	Kunsman, J.R.	Pennsylvania	Cumberland	13.69	outside_boundary_exact	Pennsylvania, York County	40,-77	PH00046959	Kings Gap Environmental Education Center, ca. 1.87 air miles SSE of the village of Montsera	https://lichenportal.org/portal/collections/individual/index.php?occid=1091736
COUNTY	10	PH	1091747	Kunsman, J.R.	Pennsylvania	Cumberland	13.69	outside_boundary_exact	Pennsylvania, York County	40,-77	PH00046970	Pine Grove Furnace State Park	https://lichenportal.org/portal/collections/individual/index.php?occid=1091747
COUNTY	10	PH	1091751	Kunsman, J.R.	Pennsylvania	Cumberland	13.69	outside_boundary_exact	Pennsylvania, York County	40,-77	PH00046975	Kings Gap Environmental Education Center, ca. 1.38 air miles SSE of the village of Montsera	https://lichenportal.org/portal/collections/individual/index.php?occid=1091751
COUNTY	10	PH	1091758	Kunsman, J.R.	Pennsylvania	Cumberland	13.69	outside_boundary_exact	Pennsylvania, York County	40,-77	PH00046982	Kings Gap Environmental Education Center, ca. 1.22 air miles SE of the village of Montsera	https://lichenportal.org/portal/collections/individual/index.php?occid=1091758
COUNTY	10	PH	1091772	Kunsman, J.R.	Pennsylvania	Cumberland	13.69	outside_boundary_exact	Pennsylvania, York County	40,-77	PH00047075	Kings Gap Environmental Education Center, ca. 1.09 air miles SSE of the village of Montsera	https://lichenportal.org/portal/collections/individual/index.php?occid=1091772
COUNTY	10	PH	1091791	Kunsman, J.R.	Pennsylvania	Cumberland	13.69	outside_boundary_exact	Pennsylvania, York County	40,-77	PH00047094	Kings Gap Environmental Education Center, ca. 1.92 air miles SE of the village of Montsera	https://lichenportal.org/portal/collections/individual/index.php?occid=1091791
COUNTY	10	USF	1559363	J. Schulten	Pennsylvania	Jefferson	10.74	outside_boundary_exact	Pennsylvania, Forest County	41.450142,-79.08301	USF 269485	Clear Creek State Park	https://lichenportal.org/portal/collections/individual/index.php?occid=1559363
COUNTY	10	PH	1741444	James C. Lendemer	Pennsylvania	Luzerne	10.62	outside_boundary_exact	Pennsylvania, Carbon County	40.89583,-75.75139	PH00094862	along the Lehigh Gorge Bicycle Trail, on the west shore of the Lehigh River, ca. 1 mile north of Glen Onoko, Lehigh Gorge State Park	https://lichenportal.org/portal/collections/individual/index.php?occid=1741444
COUNTY	10	GAM	3129088	Robert J. Hill	Pennsylvania	Cumberland	10.53	outside_boundary_exact	Pennsylvania, York County	40.07167,-76.88806	GAM00028440	Gifford Pinchot State Park, Alpine Trail at Lakeside Trail; 40.07167 -76.88806	https://lichenportal.org/portal/collections/individual/index.php?occid=3129088
COUNTY	10	PH	1091659	Kunsman, J.R.	Pennsylvania	Lycoming	9.76	outside_boundary_exact	Pennsylvania, Union County	41,-77	PH00046879	Tiadaghton State Forest, ca. 0.4 air mile NNW of the village of Slate Run	https://lichenportal.org/portal/collections/individual/index.php?occid=1091659
COUNTY	10	PH	1091682	Kunsman, J.R.	Pennsylvania	Lycoming	9.76	outside_boundary_exact	Pennsylvania, Union County	41,-77	PH00046903	West of Lebo Vista, Tiadaghton State Forest, ca. 1.0 air mile SW of Cammal	https://lichenportal.org/portal/collections/individual/index.php?occid=1091682
COUNTY	10	PH	1091726	Kunsman, J.	Pennsylvania	Lycoming	9.76	outside_boundary_exact	Pennsylvania, Union County	41,-77	PH00046949	Tiadaghton State Forest, west of Lebo Vista, ca. 1.0 air mile SW of Cammal	https://lichenportal.org/portal/collections/individual/index.php?occid=1091726
COUNTY	10	PH	1091734	Kunsman, J.R.	Pennsylvania	Lycoming	9.76	outside_boundary_exact	Pennsylvania, Union County	41,-77	PH00046957	Tiadaghton State Forest, ca. 0.98 air mile SW of Cammal, west of Lebo Vista	https://lichenportal.org/portal/collections/individual/index.php?occid=1091734
COUNTY	10	PH	1091737	Kunsman, J.R.	Pennsylvania	Lycoming	9.76	outside_boundary_exact	Pennsylvania, Union County	41,-77	PH00046960	Tiadaghton State Forest, ca. 0.45 air mile NW of the village of Slate Run	https://lichenportal.org/portal/collections/individual/index.php?occid=1091737
COUNTY	10	PH	1091781	Kunsman, J.R.	Pennsylvania	Lycoming	9.76	outside_boundary_exact	Pennsylvania, Union County	41,-77	PH00047084	Tiadaghton State Forest, ca. 0.4 air mile NNW of the village of Slate Run	https://lichenportal.org/portal/collections/individual/index.php?occid=1091781
COUNTY	10	WIS	1099905	John W. Thomson	Pennsylvania	Centre	8.11	outside_boundary_exact	Pennsylvania, Clearfield County	41,-78.25	WIS-L-0044066	in woods near Denny Thomson's home, 6 mi NW of State Colleg	https://lichenportal.org/portal/collections/individual/index.php?occid=1099905
COUNTY	10	ASU	49808	T.H. Nash III	Pennsylvania	Schuylkill	7.56	outside_boundary_exact	Pennsylvania, Lehigh County	40.6666667,-75.7333333	NA	14 km E of Dan's Pulpit	https://lichenportal.org/portal/collections/individual/index.php?occid=49808
COUNTY	10	ASU	1374923	J.C. Lendemer	Pennsylvania	Wyoming	6.47	outside_boundary_exact	Pennsylvania, Susquehanna County	41.706944,-76.091667	ASU0069326	State Game Lands 57, Sober Mountain, orange trail, ca. 1.5 mi S of Stull, E of Noxen, Noxen Township.	https://lichenportal.org/portal/collections/individual/index.php?occid=1374923
COUNTY	10	WIS	1092597	John W. Thomson	Pennsylvania	Centre	4.43	outside_boundary_exact	Pennsylvania, Huntingdon County	40.681539,-77.739323	WIS-L-0041691	Broad Mt. SE of State College	https://lichenportal.org/portal/collections/individual/index.php?occid=1092597
COUNTY	10	WIS	1208184	John W. Thomson	Pennsylvania	Centre	4.15	outside_boundary_exact	Pennsylvania, Huntingdon County	40.703395,-78.129732	WIS-L-0055774	Near Warrior's Mark	https://lichenportal.org/portal/collections/individual/index.php?occid=1208184
COUNTY	10	WIS	1213582	John W. Thomson	Pennsylvania	Centre	4.15	outside_boundary_exact	Pennsylvania, Huntingdon County	40.703395,-78.129732	WIS-L-0058244	Thomson farm, Warriors Mark	https://lichenportal.org/portal/collections/individual/index.php?occid=1213582
COUNTY	10	WIS	1288029	John W. Thomson	Pennsylvania	Centre	4.15	outside_boundary_exact	Pennsylvania, Huntingdon County	40.703395,-78.129732	WIS-L-0068185	Warriors Mark, farm of Dennis Thomson	https://lichenportal.org/portal/collections/individual/index.php?occid=1288029
COUNTY	10	WIS	1360833	John W. Thomson	Pennsylvania	Centre	4.15	outside_boundary_exact	Pennsylvania, Huntingdon County	40.703395,-78.129732	WIS-L-0091711	Dr. Thomson property, Warriors Mark	https://lichenportal.org/portal/collections/individual/index.php?occid=1360833
COUNTY	10	WIS	1373111	John W. Thomson	Pennsylvania	Centre	4.15	outside_boundary_exact	Pennsylvania, Huntingdon County	40.703395,-78.129732	WIS-L-0096430	D.W. Thomson Farm, Warriors Mark	https://lichenportal.org/portal/collections/individual/index.php?occid=1373111
COUNTY	10	WIS	2407128	James C. Lendemer	Pennsylvania	Centre	3.98	outside_boundary_exact	Pennsylvania, Mifflin County	40.803693,-77.384742	WIS-L-0009326	Bald Eagle State Forest, above Winkleblech Vista, Winkleblech Rd. -0.25 mi SE of jct w/ Round Top Rd. ?	https://lichenportal.org/portal/collections/individual/index.php?occid=2407128
COUNTY	10	WIS	1360837	Irwin M. Brodo	Pennsylvania	Forest	3.42	outside_boundary_exact	Pennsylvania, Clarion County	41.333333,-79.25	WIS-L-0091715	Cook Forest State Park, Near Cooksburg, trail just off Route 966 bridge over Clarion River.	https://lichenportal.org/portal/collections/individual/index.php?occid=1360837
COUNTY	10	WIS	1055003	John W. Thomson	Pennsylvania	Centre	2.92	outside_boundary_exact	Pennsylvania, Huntingdon County	40.690843,-77.724646	WIS-L-0028206	10 miles SE of State College	https://lichenportal.org/portal/collections/individual/index.php?occid=1055003
COUNTY	10	WVA	1715061	James C. Lendemer	Pennsylvania	Cameron	2.63	outside_boundary_exact	Pennsylvania, Elk County	41.320833,-78.285833	WVA-L-0000823	Moshannon State Forest, Grant Trail just E of Cameron/Elk County line, slopes of Mile Run	https://lichenportal.org/portal/collections/individual/index.php?occid=1715061
COUNTY	10	USU	2939140	J.C. Lendemer	Pennsylvania	Monroe	2.4	outside_boundary_exact	Pennsylvania, Lackawanna County	41.198611,-75.600556	UTC00277151	State Game Lands no. 38, Hypsy Gap, E of Hypsy Gap Road	https://lichenportal.org/portal/collections/individual/index.php?occid=2939140
COUNTY	10	WIS	1071087	Irwin M. Brodo	Pennsylvania	Butler	2.29	outside_boundary_exact	Pennsylvania, Lawrence County	40.926667,-80.189832	WIS-L-0037028	near Portersville, McConnel Mills State Park	https://lichenportal.org/portal/collections/individual/index.php?occid=1071087
COUNTY	10	WIS	1240671	Irwin M. Brodo	Pennsylvania	Butler	2.29	outside_boundary_exact	Pennsylvania, Lawrence County	40.926667,-80.189832	WIS-L-0063695	near Portersville, McConnel Mills State Park	https://lichenportal.org/portal/collections/individual/index.php?occid=1240671
COUNTY	10	WIS	1347602	Irwin M. Brodo	Pennsylvania	Butler	2.29	outside_boundary_exact	Pennsylvania, Lawrence County	40.926667,-80.189832	WIS-L-0080578	near Portersville, McConnel Mills State Park	https://lichenportal.org/portal/collections/individual/index.php?occid=1347602
COUNTY	10	ASU	49793	T.H. Nash III	Pennsylvania	Schuylkill	2.08	outside_boundary_exact	Pennsylvania, Lehigh County	40.6666667,-75.8666667	NA	8 km E of Dan's Pulpit, N-side	https://lichenportal.org/portal/collections/individual/index.php?occid=49793
COUNTY	10	WIS	1200603	John W. Thomson	Pennsylvania	Schuylkill	1.8	outside_boundary_exact	Pennsylvania, Berks County	40.628327,-75.974775	WIS-L-0053402	Hawk Mt., Drehersville	https://lichenportal.org/portal/collections/individual/index.php?occid=1200603
COUNTY	10	WIS	1360650	John W. Thomson	Pennsylvania	Schuylkill	1.8	outside_boundary_exact	Pennsylvania, Berks County	40.628327,-75.974775	WIS-L-0091528	Hawk Mt., Drehersville	https://lichenportal.org/portal/collections/individual/index.php?occid=1360650
COUNTY	10	MAINE	1973183	A. A. Heller	Pennsylvania	YORK	1.39	outside_boundary_exact	Pennsylvania, Lancaster County	39.825,-76.318	MAINE-L-0006840	McCall's Ferry	https://lichenportal.org/portal/collections/individual/index.php?occid=1973183
COUNTY	10	USF	1559027	J. Schulten	Pennsylvania	Warren	1.13	outside_boundary_exact	Pennsylvania, Forest County	41.616626,-79.166913	USF 269504	Minister Creek Campground, Allegheny National Forest, Warren and Forest Counties	https://lichenportal.org/portal/collections/individual/index.php?occid=1559027
COUNTY	10	ASU	52226	T.H. Nash III	Pennsylvania	Warren	1.12	outside_boundary_exact	Pennsylvania, Forest County	41.6166667,-79.1666667	ASUL013467	Border of Warren and Forest Counties, Minister Creek Campground, 10 km west of Lynch along state route 666	https://lichenportal.org/portal/collections/individual/index.php?occid=52226
COUNTY	10	ASU	52227	T.H. Nash III	Pennsylvania	Warren	1.12	outside_boundary_exact	Pennsylvania, Forest County	41.6166667,-79.1666667	NA	Border of Warren and Forest Counties, Minister Creek Campground, 10 km west of Lynch along state route 666	https://lichenportal.org/portal/collections/individual/index.php?occid=52227
COUNTY	10	ASU	52228	T.H. Nash III	Pennsylvania	Warren	1.12	outside_boundary_exact	Pennsylvania, Forest County	41.6166667,-79.1666667	NA	Border of Warren and Forest Counties, Minister Creek Campground, 10 km west of Lynch along state route 666	https://lichenportal.org/portal/collections/individual/index.php?occid=52228
COUNTY	10	ASU	52229	T.H. Nash III	Pennsylvania	Warren	1.12	outside_boundary_exact	Pennsylvania, Forest County	41.6166667,-79.1666667	ASUL015188	Border of Warren and Forest Counties, Minister Creek Campground, 10 km west of Lynch along state route 666	https://lichenportal.org/portal/collections/individual/index.php?occid=52229
COUNTY	10	ASU	52230	T.H. Nash III	Pennsylvania	Warren	1.12	outside_boundary_exact	Pennsylvania, Forest County	41.6166667,-79.1666667	NA	Border of Warren and Forest Counties, Minister Creek Campground, 10 km west of Lynch along state route 666	https://lichenportal.org/portal/collections/individual/index.php?occid=52230
COUNTY	10	ASU	52231	T.H. Nash III	Pennsylvania	Warren	1.12	outside_boundary_exact	Pennsylvania, Forest County	41.6166667,-79.1666667	NA	Border of Warren and Forest Counties, Minister Creek Campground, 10 km west of Lynch along state route 666	https://lichenportal.org/portal/collections/individual/index.php?occid=52231
COUNTY	10	ASU	52232	T.H. Nash III	Pennsylvania	Warren	1.12	outside_boundary_exact	Pennsylvania, Forest County	41.6166667,-79.1666667	NA	Border of Warren and Forest Counties, Minister Creek Campground, 10 km west of Lynch along state route 666	https://lichenportal.org/portal/collections/individual/index.php?occid=52232
COUNTY	10	ASU	52234	T.H. Nash III	Pennsylvania	Warren	1.12	outside_boundary_exact	Pennsylvania, Forest County	41.6166667,-79.1666667	NA	Border of Warren and Forest Counties, Minister Creek Campground, 10 km west of Lynch along state route 666	https://lichenportal.org/portal/collections/individual/index.php?occid=52234
COUNTY	10	ASU	52235	T.H. Nash III	Pennsylvania	Warren	1.12	outside_boundary_exact	Pennsylvania, Forest County	41.6166667,-79.1666667	NA	Border of Warren and Forest Counties, Minister Creek Campground, 10 km west of Lynch along state route 666	https://lichenportal.org/portal/collections/individual/index.php?occid=52235
COUNTY	10	ASU	52236	T.H. Nash III	Pennsylvania	Warren	1.12	outside_boundary_exact	Pennsylvania, Forest County	41.6166667,-79.1666667	ASUL000613	Border of Warren and Forest counties, Minister Creek Campground, 16 km W of Lynch along PA 666	https://lichenportal.org/portal/collections/individual/index.php?occid=52236
COUNTY	10	ASU	52237	T.H. Nash III	Pennsylvania	Warren	1.12	outside_boundary_exact	Pennsylvania, Forest County	41.6166667,-79.1666667	ASUL008499	Border of Warren and Forest Counties, Minister Creek Campground, 10 km west of Lynch along state route 666	https://lichenportal.org/portal/collections/individual/index.php?occid=52237
COUNTY	10	ASU	52238	T.H. Nash III	Pennsylvania	Warren	1.12	outside_boundary_exact	Pennsylvania, Forest County	41.6166667,-79.1666667	NA	Border of Warren and Forest Counties, Minister Creek Campground, 10 km west of Lynch along state route 666	https://lichenportal.org/portal/collections/individual/index.php?occid=52238
COUNTY	10	ASU	52239	T.H. Nash III	Pennsylvania	Warren	1.12	outside_boundary_exact	Pennsylvania, Forest County	41.6166667,-79.1666667	ASUL035282	Border of Warren and Forest Counties, Minister Creek Campground, 10 km west of Lynch along state route 666	https://lichenportal.org/portal/collections/individual/index.php?occid=52239
COUNTY	10	ASU	52240	T.H. Nash III	Pennsylvania	Warren	1.12	outside_boundary_exact	Pennsylvania, Forest County	41.6166667,-79.1666667	ASUL035058	Border of Warren and Forest Counties, Minister Creek Campground, 10 km west of Lynch along state route 666	https://lichenportal.org/portal/collections/individual/index.php?occid=52240
COUNTY	10	ASU	52241	T.H. Nash III	Pennsylvania	Warren	1.12	outside_boundary_exact	Pennsylvania, Forest County	41.6166667,-79.1666667	ASUL024579	Border of Warren and Forest Counties, Minister Creek Campground, 10 km west of Lynch along state route 666	https://lichenportal.org/portal/collections/individual/index.php?occid=52241
COUNTY	10	ASU	52242	T.H. Nash III	Pennsylvania	Warren	1.12	outside_boundary_exact	Pennsylvania, Forest County	41.6166667,-79.1666667	ASUL011347	Border of Warren and Forest Counties, Minister Creek Campground, 10 km west of Lynch along state route 666	https://lichenportal.org/portal/collections/individual/index.php?occid=52242
COUNTY	10	ASU	52243	T.H. Nash III	Pennsylvania	Warren	1.12	outside_boundary_exact	Pennsylvania, Forest County	41.6166667,-79.1666667	ASUL024148	Border of Warren and Forest Counties, Minister Creek Campground, 10 km west of Lynch along state route 666	https://lichenportal.org/portal/collections/individual/index.php?occid=52243
COUNTY	10	ASU	52246	T.H. Nash III	Pennsylvania	Warren	1.12	outside_boundary_exact	Pennsylvania, Forest County	41.6166667,-79.1666667	NA	Border of Warren and Forest Counties, Minister Creek Campground, 10 km west of Lynch along state route 666	https://lichenportal.org/portal/collections/individual/index.php?occid=52246
COUNTY	10	ASU	52247	T.H. Nash III	Pennsylvania	Warren	1.12	outside_boundary_exact	Pennsylvania, Forest County	41.6166667,-79.1666667	NA	Border of Warren and Forest Counties, Minister Creek Campground, 10 km west of Lynch along state route 666	https://lichenportal.org/portal/collections/individual/index.php?occid=52247
COUNTY	10	ASU	52248	T.H. Nash III	Pennsylvania	Warren	1.12	outside_boundary_exact	Pennsylvania, Forest County	41.6166667,-79.1666667	ASUL000585	Border of Warren and Forest counties, Minister Creek Campground, 16 km W of Lynch along PA 666	https://lichenportal.org/portal/collections/individual/index.php?occid=52248
COUNTY	10	ASU	95855	T.H. Nash III	Pennsylvania	Warren	1.12	outside_boundary_exact	Pennsylvania, Forest County	41.6166667,-79.1666667	NA	(border of Warren and Forest counties) Minister Creek Campground, 16 km W of Lynch along PA 666	https://lichenportal.org/portal/collections/individual/index.php?occid=95855
COUNTY	10	COLO	1627411	T.H. Nash III	Pennsylvania	Warren	1.12	outside_boundary_exact	Pennsylvania, Forest County	41.61667,-79.16667	COLO-L-0011995	Border of Warren and Forest Counties. Minister Creek Campground	https://lichenportal.org/portal/collections/individual/index.php?occid=1627411
COUNTY	10	USF	1559362	J. Schulten	Pennsylvania	Warren	1.12	outside_boundary_exact	Pennsylvania, Forest County	41.616666,-79.166661	USF 269486	Allegheny National Forest, Minister Creek area, Warren and Forest Counties	https://lichenportal.org/portal/collections/individual/index.php?occid=1559362
COUNTY	10	USF	1686230	J. Schulten	Pennsylvania	Warren	1.12	outside_boundary_exact	Pennsylvania, Forest County	41.616666,-79.166661	USF 271651	Allegheny National Forest, Minister Creek Area	https://lichenportal.org/portal/collections/individual/index.php?occid=1686230
COUNTY	10	USF	2405143	Julia A. Schulten	Pennsylvania	Warren	1.12	outside_boundary_exact	Pennsylvania, Forest County	41.616667,-79.166667	USF 274399	Allegheny National Forest; Minister Creek Campground.	https://lichenportal.org/portal/collections/individual/index.php?occid=2405143
COUNTY	10	WIS	1070115	John W. Thomson	Pennsylvania	Warren	1.12	outside_boundary_exact	Pennsylvania, Forest County	41.616667,-79.166667	WIS-L-0036183	at Forest Co. boundary, Minister Creek Campground, 6 mi W of Lynch on PA 666	https://lichenportal.org/portal/collections/individual/index.php?occid=1070115
COUNTY	10	WIS	1107044	John W. Thomson	Pennsylvania	Warren	1.12	outside_boundary_exact	Pennsylvania, Forest County	41.616667,-79.166667	WIS-L-0047621	at Forest Co. boundary, Minister Creek Campground, 6 miles W of Lynch on PA 666	https://lichenportal.org/portal/collections/individual/index.php?occid=1107044
COUNTY	10	WIS	1211193	John W. Thomson	Pennsylvania	Warren	1.12	outside_boundary_exact	Pennsylvania, Forest County	41.616667,-79.166667	WIS-L-0056566	on edge with Forest Co., Minister Creek Campground, 6 mi W of Lynch on PA 666	https://lichenportal.org/portal/collections/individual/index.php?occid=1211193
COUNTY	10	WIS	1310406	John W. Thomson	Pennsylvania	Warren	1.12	outside_boundary_exact	Pennsylvania, Forest County	41.616667,-79.166667	WIS-L-0073679	on edge with Forest Co., Minister Creek Campground, 6 mi W of Lynch on PA 666	https://lichenportal.org/portal/collections/individual/index.php?occid=1310406
COUNTY	10	WIS	1321815	John W. Thomson	Pennsylvania	Warren	1.12	outside_boundary_exact	Pennsylvania, Forest County	41.616667,-79.166667	WIS-L-0075995	on edge with Forest Col, Minister Creek Campground, 6 mi W of Lynch on PA 666	https://lichenportal.org/portal/collections/individual/index.php?occid=1321815
COUNTY	10	WIS	1324343	John W. Thomson	Pennsylvania	Warren	1.12	outside_boundary_exact	Pennsylvania, Forest County	41.616667,-79.166667	WIS-L-0077380	Warren and Forest County edge. Minister Creek Campground, 6 mi W Lynch on PA 666.	https://lichenportal.org/portal/collections/individual/index.php?occid=1324343
COUNTY	10	WIS	1325521	John W. Thomson	Pennsylvania	Warren	1.12	outside_boundary_exact	Pennsylvania, Forest County	41.616667,-79.166667	WIS-L-0078553	at Forest Co. boundary, Warren Creek Campground, 6 mi W of Lynch on PA 666	https://lichenportal.org/portal/collections/individual/index.php?occid=1325521
COUNTY	10	WIS	1360834	John W. Thomson	Pennsylvania	Warren	1.12	outside_boundary_exact	Pennsylvania, Forest County	41.616667,-79.166667	WIS-L-0091712	Warren & Forest County edge, Minister Creek Campground 6 mi West of Lynch on PA 666	https://lichenportal.org/portal/collections/individual/index.php?occid=1360834
COUNTY	10	WIS	1424272	J.W. Thomson	Pennsylvania	Warren and Forest	1.12	outside_boundary_first_word_match	Pennsylvania, Forest County	41.616667,-79.166667	WIS-L-0107832	Minister Creek Campground, 6 mi. W of Lynch on PA 666	https://lichenportal.org/portal/collections/individual/index.php?occid=1424272
COUNTY	10	PH	1727793	John W. Eckfeldt	Pennsylvania	Bucks	0.94	outside_boundary_exact	Pennsylvania, Lehigh County	40.50992,-75.39257	PH00094280	Coopersburg.	https://lichenportal.org/portal/collections/individual/index.php?occid=1727793
COUNTY	10	PH	1727794	John W. Eckfeldt	Pennsylvania	Bucks	0.94	outside_boundary_exact	Pennsylvania, Lehigh County	40.50992,-75.39257	PH00094281	Coopersburg.	https://lichenportal.org/portal/collections/individual/index.php?occid=1727794
COUNTY	10	PH	1744312	John W. Eckfeldt	Pennsylvania	Bucks	0.94	outside_boundary_exact	Pennsylvania, Lehigh County	40.50992,-75.39257	PH00102406	Coopersburg.	https://lichenportal.org/portal/collections/individual/index.php?occid=1744312
COUNTY	10	PH	1776797	John W. Eckfeldt	Pennsylvania	Bucks	0.94	outside_boundary_exact	Pennsylvania, Lehigh County	40.50992,-75.39257	PH00106347	Coopersburg.	https://lichenportal.org/portal/collections/individual/index.php?occid=1776797
COUNTY	10	PH	1796077	John W. Eckfeldt	Pennsylvania	Bucks	0.94	outside_boundary_exact	Pennsylvania, Lehigh County	40.50992,-75.39257	PH00116404	Coopersburg (located in Lehigh County, but recorded as Bucks County)	https://lichenportal.org/portal/collections/individual/index.php?occid=1796077
COUNTY	10	PH	1797342	John W. Eckfeldt	Pennsylvania	Bucks	0.94	outside_boundary_exact	Pennsylvania, Lehigh County	40.50992,-75.39257	PH00117668	Coopersburg	https://lichenportal.org/portal/collections/individual/index.php?occid=1797342
COUNTY	10	PH	1831685	John W. Eckfeldt	Pennsylvania	Bucks	0.94	outside_boundary_exact	Pennsylvania, Lehigh County	40.50992,-75.39257	PH00146765	Coopersburg	https://lichenportal.org/portal/collections/individual/index.php?occid=1831685
COUNTY	10	PH	4906065	John W. Eckfeldt	Pennsylvania	Bucks	0.94	outside_boundary_exact	Pennsylvania, Lehigh County	40.50992,-75.39257	PH00049136	Coopersburg	https://lichenportal.org/portal/collections/individual/index.php?occid=4906065
COUNTY	10	PH	4906074	John W. Eckfeldt	Pennsylvania	Bucks	0.94	outside_boundary_exact	Pennsylvania, Lehigh County	40.50992,-75.39257	PH00049145	Coopersburg	https://lichenportal.org/portal/collections/individual/index.php?occid=4906074
COUNTY	10	PH	4906256	John W. Eckfeldt	Pennsylvania	Bucks	0.94	outside_boundary_exact	Pennsylvania, Lehigh County	40.50992,-75.39257	PH00010585	Coopersburg	https://lichenportal.org/portal/collections/individual/index.php?occid=4906256
COUNTY	10	KANU	1327885	James C Lendemer; Daniel Atha	Pennsylvania	Lycoming	0.82	outside_boundary_exact	Pennsylvania, Tioga County	41.5805556,-76.9333333	382882	Tiadaghton State Forest: McIntyre Wild Area	https://lichenportal.org/portal/collections/individual/index.php?occid=1327885
COUNTY	10	WIS	1009459	T.H. Nash III	Pennsylvania	Mongomery	0.81	outside_boundary_similarity_0.7	Pennsylvania, Berks County	40.3333333,-75.6333333	WIS-L-0015660	Boyertown, 6 km E of New Road	https://lichenportal.org/portal/collections/individual/index.php?occid=1009459
COUNTY	10	ASU	52249	T.H. Nash III	Pennsylvania	Clarion	0.73	outside_boundary_exact	Pennsylvania, Forest County	41.3333333,-79.2	NA	Cook Forest State Park, 25 km north of Brookville along state route 35	https://lichenportal.org/portal/collections/individual/index.php?occid=52249
COUNTY	10	ASU	52250	T.H. Nash III	Pennsylvania	Clarion	0.73	outside_boundary_exact	Pennsylvania, Forest County	41.3333333,-79.2	NA	Cook Forest State Park, 25 km north of Brookville along state route 35	https://lichenportal.org/portal/collections/individual/index.php?occid=52250
COUNTY	10	ASU	52251	T.H. Nash III	Pennsylvania	Clarion	0.73	outside_boundary_exact	Pennsylvania, Forest County	41.3333333,-79.2	ASUL018485	Cook Forest State Park, 25 km north of Brookville along state route 35	https://lichenportal.org/portal/collections/individual/index.php?occid=52251
COUNTY	10	ASU	52252	T.H. Nash III	Pennsylvania	Clarion	0.73	outside_boundary_exact	Pennsylvania, Forest County	41.3333333,-79.2	NA	Cook Forest State Park, 25 km north of Brookville along state route 35	https://lichenportal.org/portal/collections/individual/index.php?occid=52252
COUNTY	10	ASU	52253	T.H. Nash III	Pennsylvania	Clarion	0.73	outside_boundary_exact	Pennsylvania, Forest County	41.3333333,-79.2	ASUL046000	Cook Forest State Park, 25 km north of Brookville along state route 35	https://lichenportal.org/portal/collections/individual/index.php?occid=52253
COUNTY	10	COLO	1587812	J.W. Thomson	Pennsylvania	Clarion	0.73	outside_boundary_exact	Pennsylvania, Forest County	41.333333,-79.2	COLO-L-0003751	Cook Forest State Park, 15 mi. N of Brookville on PA 35	https://lichenportal.org/portal/collections/individual/index.php?occid=1587812
COUNTY	10	WIS	1070628	John W. Thomson	Pennsylvania	Clarion	0.73	outside_boundary_exact	Pennsylvania, Forest County	41.333333,-79.2	WIS-L-0036586	Cook Forest State Park, 15 miles N of Brookville on PA 35	https://lichenportal.org/portal/collections/individual/index.php?occid=1070628
COUNTY	10	WIS	1070930	John W. Thomson	Pennsylvania	Clarion	0.73	outside_boundary_exact	Pennsylvania, Forest County	41.333333,-79.2	WIS-L-0036870	Cook Forest State Park, 15 mi. N of Brookville on PA 35.	https://lichenportal.org/portal/collections/individual/index.php?occid=1070930
COUNTY	10	WIS	1098270	John W. Thomson	Pennsylvania	Clarion	0.73	outside_boundary_exact	Pennsylvania, Forest County	41.333333,-79.2	WIS-L-0042436	Cook Forest State Park, 15 mi N of Brookville on PA 35	https://lichenportal.org/portal/collections/individual/index.php?occid=1098270
COUNTY	10	WIS	1101495	J.W. Thomson	Pennsylvania	Clarion	0.73	outside_boundary_exact	Pennsylvania, Forest County	41.333333,-79.2	WIS-L-0046009	Cook Forest State Park, 15 mi. N of Brookville on PA 35.	https://lichenportal.org/portal/collections/individual/index.php?occid=1101495
COUNTY	10	WIS	1107042	John W. Thomson	Pennsylvania	Clarion	0.73	outside_boundary_exact	Pennsylvania, Forest County	41.333333,-79.2	WIS-L-0047619	Cook Forest State Park, 15 mi. N of Brookville on PA 35.	https://lichenportal.org/portal/collections/individual/index.php?occid=1107042
COUNTY	10	WIS	1126912	John W. Thomson	Pennsylvania	Clarion	0.73	outside_boundary_exact	Pennsylvania, Forest County	41.333333,-79.2	WIS-L-0051406	Cook Forest State Park, 15 mi N of Brookville along PA 35	https://lichenportal.org/portal/collections/individual/index.php?occid=1126912
COUNTY	10	WIS	1130963	John W. Thomson	Pennsylvania	Clarion	0.73	outside_boundary_exact	Pennsylvania, Forest County	41.333333,-79.2	WIS-L-0052547	Cook Forest State Park, 15 mi. N of Brookville on PA 35.	https://lichenportal.org/portal/collections/individual/index.php?occid=1130963
COUNTY	10	WIS	1345858	John W. Thomson	Pennsylvania	Clarion	0.73	outside_boundary_exact	Pennsylvania, Forest County	41.333333,-79.2	WIS-L-0080240	Cook Forest State Park, 15 mi N of Brookville along PA 35	https://lichenportal.org/portal/collections/individual/index.php?occid=1345858
COUNTY	10	WIS	1358638	John W. Thomson	Pennsylvania	Clarion	0.73	outside_boundary_exact	Pennsylvania, Forest County	41.333333,-79.2	WIS-L-0082800	Cook Forest State Park, 15 mi N of Brookville on PA 35.	https://lichenportal.org/portal/collections/individual/index.php?occid=1358638
COUNTY	10	WIS	1360835	John W. Thomson	Pennsylvania	Clarion	0.73	outside_boundary_exact	Pennsylvania, Forest County	41.333333,-79.2	WIS-L-0091713	Cook Forest State Park, 15 mi N of Brookville along PA 35	https://lichenportal.org/portal/collections/individual/index.php?occid=1360835
COUNTY	10	WIS	1377676	J.W.Thomson	Pennsylvania	Clarion	0.73	outside_boundary_exact	Pennsylvania, Forest County	41.333333,-79.2	WIS-L-0099546	Cook Forest state Park, 15 mi. N of Brookville on PA 35	https://lichenportal.org/portal/collections/individual/index.php?occid=1377676
COUNTY	10	USF	1559200	J. Schulten	Pennsylvania	Clarion	0.65	outside_boundary_exact	Pennsylvania, Forest County	41.334954,-79.200906	USF 269499	Cook Forest State Park, Big Trees area	https://lichenportal.org/portal/collections/individual/index.php?occid=1559200
COUNTY	10	ASU	50625	T.H. Nash III	Pennsylvania	Carbon	0.57	outside_boundary_exact	Pennsylvania, Northampton County	40.7833333,-75.6	NA	Lehigh Water Gap	https://lichenportal.org/portal/collections/individual/index.php?occid=50625
COUNTY	10	ASU	50631	T.H. Nash III	Pennsylvania	Carbon	0.57	outside_boundary_exact	Pennsylvania, Northampton County	40.7833333,-75.6	NA	Lehigh Water Gap	https://lichenportal.org/portal/collections/individual/index.php?occid=50631
COUNTY	10	ASU	50635	T.H. Nash III	Pennsylvania	Carbon	0.57	outside_boundary_exact	Pennsylvania, Northampton County	40.7833333,-75.6	NA	Lehigh Water Gap	https://lichenportal.org/portal/collections/individual/index.php?occid=50635
COUNTY	10	ASU	50637	T.H. Nash III	Pennsylvania	Carbon	0.57	outside_boundary_exact	Pennsylvania, Northampton County	40.7833333,-75.6	NA	Lehigh Water Gap	https://lichenportal.org/portal/collections/individual/index.php?occid=50637
COUNTY	10	UCR(temp)	2600721	James Lendemer	Pennsylvania	Lycoming	0.49	outside_boundary_exact	Pennsylvania, Tioga County	41.54722,-77.54861	UCR-209824	Tiadaghton State Forest: n-facing slopes above south shore of unnamed tributary to Francis Branch of Slate Run, along Francis Rd. at hairpin turn just south of Lycoming County line	https://lichenportal.org/portal/collections/individual/index.php?occid=2600721
COUNTY	10	UCR(temp)	2600722	James Lendemer	Pennsylvania	Lycoming	0.49	outside_boundary_exact	Pennsylvania, Tioga County	41.54722,-77.54861	UCR-209822	Tiadaghton State Forest: n-facing slopes above south shore of unnamed tributary to Francis Branch of Slate Run, along Francis Rd. at hairpin turn just south of Lycoming County line	https://lichenportal.org/portal/collections/individual/index.php?occid=2600722
COUNTY	10	NBM	2630489	Lendemer, James C.	Pennsylvania	Pike	0.38	outside_boundary_exact	Pennsylvania, Pike County	41.139,-75.089	NBM-FL-15495	Delaware State Forest, Pennel Run Natural Area, S of Snow Hill Road, 1.2 miles SW of PA 402, Porter Township, altitude: 1280 ft	https://lichenportal.org/portal/collections/individual/index.php?occid=2630489
COUNTY	10	COLO	3171985	J. C. Lendemer	Pennsylvania	Pike	0.35	outside_boundary_exact	Pennsylvania, Pike County	41.1392,-75.0886	COLO-L-0052308	Delaware State Forest, Pennel Run Natural Area, S of Snow Hill Road, 1.2 mi SW of PA 402, Porter Township	https://lichenportal.org/portal/collections/individual/index.php?occid=3171985
COUNTY	10	KANU	3135820	James C Lendemer; William R Buck; Richard C Harris	Pennsylvania	Pike	0.35	outside_boundary_exact	Pennsylvania, Pike County	41.1391667,-75.0886111	390074	Delaware State Forest: Pennel Run Natural Area, S of Snow Hill Rd, 1.2 mi SW of PA 402, Porter Twp	https://lichenportal.org/portal/collections/individual/index.php?occid=3135820
COUNTY	10	NBM	2628906	Lendemer, James C.	Pennsylvania	Pike	0.35	outside_boundary_exact	Pennsylvania, Pike County	41.1392,-75.0886	NBM-FL-11242	Delaware State Forest, Pennel Run Natural Area, S of Snow Hill Road, 1.2 mi SW of PA 402, Porter Township	https://lichenportal.org/portal/collections/individual/index.php?occid=2628906
COUNTY	10	NBM	2628907	Lendemer, James C.	Pennsylvania	Pike	0.35	outside_boundary_exact	Pennsylvania, Pike County	41.1392,-75.0886	NBM-FL-11243	Delaware State Forest, Pennel Run Natural Area, S of Snow Hill Road, 1.2 mi SW of PA 402, Porter Township	https://lichenportal.org/portal/collections/individual/index.php?occid=2628907
COUNTY	10	NBM	2628908	Lendemer, James C.	Pennsylvania	Pike	0.35	outside_boundary_exact	Pennsylvania, Pike County	41.1392,-75.0886	NBM-FL-11244	Delaware State Forest, Pennel Run Natural Area, S of Snow Hill Road, 1.2 mi SW of PA 402, Porter Township	https://lichenportal.org/portal/collections/individual/index.php?occid=2628908
COUNTY	10	NBM	2628909	Lendemer, James C.	Pennsylvania	Pike	0.35	outside_boundary_exact	Pennsylvania, Pike County	41.1392,-75.0886	NBM-FL-11245	Delaware State Forest, Pennel Run Natural Area, S of Snow Hill Road, 1.2 mi SW of PA 402, Porter Township	https://lichenportal.org/portal/collections/individual/index.php?occid=2628909
COUNTY	10	NBM	2628910	Lendemer, James C.	Pennsylvania	Pike	0.35	outside_boundary_exact	Pennsylvania, Pike County	41.1392,-75.0886	NBM-FL-11246	Delaware State Forest, Pennel Run Natural Area, S of Snow Hill Road, 1.2 mi SW of PA 402, Porter Township	https://lichenportal.org/portal/collections/individual/index.php?occid=2628910
COUNTY	10	NBM	2628911	Lendemer, James C.	Pennsylvania	Pike	0.35	outside_boundary_exact	Pennsylvania, Pike County	41.1392,-75.0886	NBM-FL-11247	Delaware State Forest, Pennel Run Natural Area, S of Snow Hill Road, 1.2 mi SW of PA 402, Porter Township	https://lichenportal.org/portal/collections/individual/index.php?occid=2628911
COUNTY	10	NBM	2628912	Lendemer, James C.	Pennsylvania	Pike	0.35	outside_boundary_exact	Pennsylvania, Pike County	41.1392,-75.0886	NBM-FL-11248	Delaware State Forest, Pennel Run Natural Area, S of Snow Hill Road, 1.2 mi SW of PA 402, Porter Township	https://lichenportal.org/portal/collections/individual/index.php?occid=2628912
COUNTY	10	KANU	1327585	James C Lendemer	Pennsylvania	Adams	0.24	outside_boundary_exact	Pennsylvania, Franklin County	39.8708333,-77.4694444	382948	Michaux State Forest	https://lichenportal.org/portal/collections/individual/index.php?occid=1327585
COUNTY	10	WIS	1213755	Robert S Egan	Pennsylvania	Schuylkill	0.24	outside_boundary_exact	Pennsylvania, Lebanon County	40.49381,-76.439092	WIS-L-0058417	[State Game Lands Number 80 vicinity]: about 3 miles SE of Pine Grove along Route 501	https://lichenportal.org/portal/collections/individual/index.php?occid=1213755
COUNTY	10	WIS	1200599	John W. Thomson	Pennsylvania	Centre	0.15	outside_boundary_exact	Pennsylvania, Mifflin County	40.73424,-77.66671	WIS-L-0053397	on Broad Mt., SE of State College	https://lichenportal.org/portal/collections/individual/index.php?occid=1200599
COUNTY	10	WIS	1202277	John W. Thomson	Pennsylvania	Centre	0.15	outside_boundary_exact	Pennsylvania, Mifflin County	40.73424,-77.66671	WIS-L-0053538	on Broad Mt., SE of State College	https://lichenportal.org/portal/collections/individual/index.php?occid=1202277
COUNTY	10	WIS	1223839	John W. Thomson	Pennsylvania	Centre	0.15	outside_boundary_exact	Pennsylvania, Mifflin County	40.73424,-77.66671	WIS-L-0058573	on Broad Mt., SE of State College	https://lichenportal.org/portal/collections/individual/index.php?occid=1223839
COUNTY	10	WIS	1232432	John W. Thomson	Pennsylvania	Centre	0.15	outside_boundary_exact	Pennsylvania, Mifflin County	40.73424,-77.66671	WIS-L-0062371	on Broad Mt., SE of State College	https://lichenportal.org/portal/collections/individual/index.php?occid=1232432
COUNTY	10	WIS	1362094	John W. Thomson	Pennsylvania	Centre	0.15	outside_boundary_exact	Pennsylvania, Mifflin County	40.73424,-77.66671	WIS-L-0091917	on the side of Broad Mt. SE of State College	https://lichenportal.org/portal/collections/individual/index.php?occid=1362094
COUNTY	10	WIS	1368083	J.W. Thomson	Pennsylvania	Centre	0.15	outside_boundary_exact	Pennsylvania, Mifflin County	40.73424,-77.66671	WIS-L-0093916	Side of Broad Mt., SE of State College	https://lichenportal.org/portal/collections/individual/index.php?occid=1368083
COUNTY	10	WIS	1387520	John W. Thomson	Pennsylvania	Centre	0.15	outside_boundary_exact	Pennsylvania, Mifflin County	40.73424,-77.66671	WIS-L-0101918	on side of Broad Mt., near Alan Seegar Memorial	https://lichenportal.org/portal/collections/individual/index.php?occid=1387520
COUNTY	10	ASU	49792	T.H. Nash III	Pennsylvania	Schuylkill	0.13	outside_boundary_exact	Pennsylvania, Berks County	40.6666667,-75.9166667	NA	3.2 km E of Dan's Pulpit, N-side	https://lichenportal.org/portal/collections/individual/index.php?occid=49792
COUNTY	10	ASU	49799	T.H. Nash III	Pennsylvania	Schuylkill	0.13	outside_boundary_exact	Pennsylvania, Berks County	40.6666667,-75.9166667	NA	3.2 km E of Dan's Pulpit	https://lichenportal.org/portal/collections/individual/index.php?occid=49799
COUNTY	10	ASU	49802	T.H. Nash III	Pennsylvania	Schuylkill	0.13	outside_boundary_exact	Pennsylvania, Berks County	40.6666667,-75.9166667	NA	3.2 km E of Dan's Pulpit	https://lichenportal.org/portal/collections/individual/index.php?occid=49802
COUNTY	10	ASU	49803	T.H. Nash III	Pennsylvania	Schuylkill	0.13	outside_boundary_exact	Pennsylvania, Berks County	40.6666667,-75.9166667	ASUL024316	3.2 km E of Dan's Pulpit	https://lichenportal.org/portal/collections/individual/index.php?occid=49803
COUNTY	10	ASU	49804	T.H. Nash III	Pennsylvania	Schuylkill	0.13	outside_boundary_exact	Pennsylvania, Berks County	40.6666667,-75.9166667	NA	3.2 km E of Dan's Pulpit	https://lichenportal.org/portal/collections/individual/index.php?occid=49804
COUNTY	10	ASU	49805	T.H. Nash III	Pennsylvania	Schuylkill	0.13	outside_boundary_exact	Pennsylvania, Berks County	40.6666667,-75.9166667	NA	3.2 km E of Dan's Pulpit	https://lichenportal.org/portal/collections/individual/index.php?occid=49805
COUNTY	10	ASU	49806	T.H. Nash III	Pennsylvania	Schuylkill	0.13	outside_boundary_exact	Pennsylvania, Berks County	40.6666667,-75.9166667	NA	3.2 km E of Dan's Pulpit	https://lichenportal.org/portal/collections/individual/index.php?occid=49806
COUNTY	10	KE	4775056	Toms Curtis	Pennsylvania	Clarion County	0.12	outside_boundary_exact	Pennsylvania, Forest County	41.3329,-79.2074	6169	Cook Forest State Park	https://lichenportal.org/portal/collections/individual/index.php?occid=4775056
COUNTY	10	ASU	75058	J.C. Lendemer	Pennsylvania	Berks	0.11	outside_boundary_exact	Pennsylvania, Schuylkill County	40.6455556,-75.9802778	NA	part of a rock slide on NE side of Hawk Mountain, ca. 100 yards below the entrance to the River of Rock Trail, Hawk Mountain Sanctuary USGS 7.5' X 7.5' Map: New Ringgold	https://lichenportal.org/portal/collections/individual/index.php?occid=75058
COUNTY	10	ASU	75075	J.C. Lendemer	Pennsylvania	Berks	0.11	outside_boundary_exact	Pennsylvania, Schuylkill County	40.6455556,-75.9802778	NA	part of a rock slide on NE side of Hawk Mountain, ca. 100 yards below the entrance to the River of Rock Trail, Hawk Mountain Sanctuary USGS 7.5' X 7.5' Map: New Ringgold	https://lichenportal.org/portal/collections/individual/index.php?occid=75075
COUNTY	10	WSCO	5648250	James C. Lendemer	Pennsylvania	Berks	0.11	outside_boundary_exact	Pennsylvania, Schuylkill County	40.6455556,-75.9802778	WSCO013191	On large boulders in partial shade, part of a rock slide on NE side of Hawk Mountain, ca. 100 yards below the entrance to the River of Rocks Trail, Hawk Mountain Sanctuary, USGS 7.5' X 7.5' Map: New Ringgold	https://lichenportal.org/portal/collections/individual/index.php?occid=5648250
COUNTY	10	WSCO	5683255	James C. Lendemer	Pennsylvania	Berks	0.11	outside_boundary_exact	Pennsylvania, Schuylkill County	40.6455556,-75.9802778	WSCO013831	part of a rock slide on NE side of Hawk Mountain, ca. 100 yards below the entrance to the River of Rock Trail, Hawk Mountain Sanctuary USGS 7.5' X 7.5' Map: New Ringgold.	https://lichenportal.org/portal/collections/individual/index.php?occid=5683255
COUNTY	10	PH	1741602	James C. Lendemer	Pennsylvania	Berks	0.09	outside_boundary_exact	Pennsylvania, Schuylkill County	40.64083,-75.9925	PH00095015	Hawk Mountain Sanctuary, northwest of Lenhartsville, west of Eckville	https://lichenportal.org/portal/collections/individual/index.php?occid=1741602
COUNTY	10	ASU	50782	T.H. Nash III	Pennsylvania	Carbon	0.06	outside_boundary_exact	Pennsylvania, Northampton County	40.787038,-75.6074088	NA	Lehigh Water Gap	https://lichenportal.org/portal/collections/individual/index.php?occid=50782
COUNTY	10	PH	1726193	James C. Lendemer	Pennsylvania	Carbon	0.06	outside_boundary_exact	Pennsylvania, Luzerne County	41.02167,-75.74	PH00092672	Lehigh Gorge State Park, north of Rockport, along the west shore of the Lehigh River, ca. 1/5 mile north of Sandy Run, along the Lehigh River Bicycle Trail.	https://lichenportal.org/portal/collections/individual/index.php?occid=1726193
COUNTY	10	KE	4775306	Toms Curtis	Pennsylvania	Clarion County	0.04	outside_boundary_exact	Pennsylvania, Forest County	41.3338,-79.2083	6419	Cooksburg, Cook Forest State Park	https://lichenportal.org/portal/collections/individual/index.php?occid=4775306
COUNTY	10	ASU	709962	J. C. Lendemer	Pennsylvania	Wayne	0.03	outside_boundary_exact	Pennsylvania, Lackawanna County	41.2583333333333,-75.4408333333333	NA	State Game Lands No. 312, along trail between Lehigh Road and West Fork of Lehigh River, E of Lehigh, Sterling Township	https://lichenportal.org/portal/collections/individual/index.php?occid=709962
COUNTY	10	FH	1296496	J. C. Lendemer	Pennsylvania	Wayne County	0.03	outside_boundary_exact	Pennsylvania, Lackawanna County	41.25833333,-75.44083333	barcode-00259957	State Game Lands No. 312, along trail between Lehigh Road and West Fork of Lehigh River, E of Lehigh, Sterling Township	https://lichenportal.org/portal/collections/individual/index.php?occid=1296496
COUNTY	10	KANU	1326530	James C Lendemer	Pennsylvania	Wayne	0.03	outside_boundary_exact	Pennsylvania, Lackawanna County	41.2583333,-75.4408333	379975	Lehigh: E	https://lichenportal.org/portal/collections/individual/index.php?occid=1326530
COUNTY	10	WIS	2407131	J. C. Lendemer	Pennsylvania	Wayne	0.03	outside_boundary_exact	Pennsylvania, Lackawanna County	41.258333,-75.440833	WIS-L-0009252	State Game Lands No. 312, along trail between Lehigh Road and West Fork of Lehigh River, E of Lehigh, Sterling Township	https://lichenportal.org/portal/collections/individual/index.php?occid=2407131
COUNTY	10	WIS	2423589	James C. Lendemer	Pennsylvania	Wayne Co.	0.03	outside_boundary_exact	Pennsylvania, Lackawanna County	41.25833,-75.44083	WIS-L-0086116	State Game Lands No. 312, along trail between Lehigh Road and West Fork of Lehigh River, E of Lehigh, Sterling Township	https://lichenportal.org/portal/collections/individual/index.php?occid=2423589
COUNTY	10	NBM	2628928	Lendemer, James C.	Pennsylvania	Wayne	0.02	outside_boundary_exact	Pennsylvania, Lackawanna County	41.2583,-75.4408	NBM-FL-11266	State Game Lands No. 312, along trail between Lehigh Road and West Fork of Lehigh River, E of Lehigh, Sterling Township	https://lichenportal.org/portal/collections/individual/index.php?occid=2628928
COUNTY	10	NBM	2628929	Lendemer, James C.	Pennsylvania	Wayne	0.02	outside_boundary_exact	Pennsylvania, Lackawanna County	41.2583,-75.4408	NBM-FL-11267	State Game Lands No. 312, along trail between Lehigh Road and West Fork of Lehigh River, E of Lehigh, Sterling Township	https://lichenportal.org/portal/collections/individual/index.php?occid=2628929
COUNTY	10	NBM	2628930	Lendemer, James C.	Pennsylvania	Wayne	0.02	outside_boundary_exact	Pennsylvania, Lackawanna County	41.2583,-75.4408	NBM-FL-11268	State Game Lands No. 312, along trail between Lehigh Road and West Fork of Lehigh River, E of Lehigh, Sterling Township	https://lichenportal.org/portal/collections/individual/index.php?occid=2628930
COUNTY	10	PH	1742256	James C. Lendemer	Pennsylvania	Berks	0.02	outside_boundary_exact	Pennsylvania, Berks County	40.190595,-75.786162	PH00095957	French Creek State Park, west slope of Mt. Pleasure, along South Entrance Road, ~1 mile south of Hopewell Lake, Elverson Quad	https://lichenportal.org/portal/collections/individual/index.php?occid=1742256
COUNTY	10	PH	1775529	James C. Lendemer	Pennsylvania	Berks	0.02	outside_boundary_exact	Pennsylvania, Berks County	40.190595,-75.786162	PH00103569	French Creek State Park, west slope of Mt. Pleasure, along South Entrance Road, ~1 mile south of Hopewell Lake, Elverson Quad	https://lichenportal.org/portal/collections/individual/index.php?occid=1775529
COUNTY	10	PH	1775531	James C. Lendemer	Pennsylvania	Berks	0.02	outside_boundary_exact	Pennsylvania, Berks County	40.190595,-75.786162	PH00103571	French Creek State Park, west slope of Mt. Pleasure, along South Entrance Road, ~1 mile south of Hopewell Lake, Elverson Quad	https://lichenportal.org/portal/collections/individual/index.php?occid=1775531
COUNTY	10	PH	1778963	James C. Lendemer	Pennsylvania	Berks	0.02	outside_boundary_exact	Pennsylvania, Berks County	40.190595,-75.786162	PH00108517	French Creek State Park, west slope of Mt. Pleasure, along South Entrance Road, ~1 mile south of Hopewell Lake, Elverson Quad	https://lichenportal.org/portal/collections/individual/index.php?occid=1778963
COUNTY	10	PH	1779390	James C. Lendemer	Pennsylvania	Berks	0.02	outside_boundary_exact	Pennsylvania, Berks County	40.190595,-75.786162	PH00108944	French Creek State Park, west slope of Mt. Pleasure, along South Entrance Road, ~1 mile south of Hopewell Lake, Elverson Quad	https://lichenportal.org/portal/collections/individual/index.php?occid=1779390
COUNTY	10	PH	1795087	James C. Lendemer	Pennsylvania	Berks	0.02	outside_boundary_exact	Pennsylvania, Berks County	40.190595,-75.786162	PH00115413	French Creek State Park, west slope of Mt. Pleasure, along South Entrance Road, ~1 mile south of Hopewell Lake, Elverson Quad	https://lichenportal.org/portal/collections/individual/index.php?occid=1795087
COUNTY	10	PH	1795852	James C. Lendemer	Pennsylvania	Berks	0.02	outside_boundary_exact	Pennsylvania, Berks County	40.190595,-75.786162	PH00116178	French Creek State Park, west slope of Mt. Pleasure, along South Entrance Road, ~1 mile south of Hopewell Lake, Elverson Quad	https://lichenportal.org/portal/collections/individual/index.php?occid=1795852
COUNTY	10	PH	1796350	James C. Lendemer	Pennsylvania	Berks	0.02	outside_boundary_exact	Pennsylvania, Berks County	40.190595,-75.786162	PH00116676	French Creek State Park, west slope of Mt. Pleasure, along South Entrance Road, ~1 mile south of Hopewell Lake, Elverson Quad	https://lichenportal.org/portal/collections/individual/index.php?occid=1796350
COUNTY	10	PH	1796424	James C. Lendemer	Pennsylvania	Berks	0.02	outside_boundary_exact	Pennsylvania, Berks County	40.190595,-75.786162	PH00116750	French Creek State Park, west slope of Mt. Pleasure, along South Entrance Road, ~1 mile south of Hopewell Lake, Elverson Quad	https://lichenportal.org/portal/collections/individual/index.php?occid=1796424
COUNTY	10	WIS	1055008	John W. Thomson	Pennsylvania	Westmoreland	0.02	outside_boundary_exact	Pennsylvania, Westmoreland County	40.114797,-79.202809	WIS-L-0028211	clearing of telephone line at Bald Knob summit	https://lichenportal.org/portal/collections/individual/index.php?occid=1055008
COUNTY	10	GAM	3128194	Robert J. Hill	Pennsylvania	Lebanon	0.01	outside_boundary_exact	Pennsylvania, Dauphin County	40.514444,-76.607778	GAM00027829	Game Lnd 211 Forest Bioblite 99	https://lichenportal.org/portal/collections/individual/index.php?occid=3128194
